1,-642.1180677573217,-662.0061178397033
2,-628.723352300396,-612.9119942510955
3,-557.7633970040987,-563.2554949309924
4,-553.7409679935039,-527.0090866364549
5,-530.6852808245585,-490.1930185864597
6,-482.7684385615651,-502.0238642783954
7,-428.1462407047789,-461.73776638396123
8,-488.7170763193695,-438.77052598712623
9,-387.8717184614862,-429.73674583845684
10,-444.7453685437329,-405.41987956518454
11,-294.3785631259565,-400.13496279478613
12,-369.94183604303487,-327.45971563859297
13,-284.6120576962575,-298.8028342569139
14,-242.7692241898758,-286.4875509325866
15,-186.7879700817288,-232.69215204145087
16,-286.83794170293976,-199.48881227343847
17,-141.06663547108693,-189.83868025786938
18,-193.43919586412807,-195.1929372708802
19,-88.63654459024654,-121.71089356851162
20,-276.6355043690294,-100.19956936617805
21,-175.2778095012793,-74.94479928671004
22,-219.69040172256703,-78.95308149834989
23,-65.93956278202134,3.0481999134398476
24,55.41176840784802,14.43233290295175
25,91.67444489034712,36.345394932094756
26,99.1900860433721,88.13164572909707
27,-264.20835384177434,103.55334540741637
28,52.988328264167535,131.46199861049212
29,148.64984375126699,138.09455290190286
30,263.1115270272886,90.31843165915166
31,142.1236752570058,199.04627175081535
32,363.8026629229018,257.30988864160093
33,136.10252439258966,243.09710582485897
34,385.26975206018784,307.9301892057462
35,327.71946276096406,348.272510330883
36,501.2823690810063,378.5299711121973
37,564.8003218742416,306.4762881179908
38,373.40276349873517,374.1371731081922
39,507.3376983423477,473.7245043048437
40,467.2918798819387,468.5387725509214
41,491.11002956599214,504.3357548674196
42,610.9634687729044,534.7663401641403
43,655.9389929676881,586.6347780371534
44,554.5276548536988,553.9657366142948
45,602.5432394793532,617.617556575343
46,-114.16109239998234,515.6502341985189
47,786.9226195841936,783.8376345369626
48,844.7883016298073,724.9453627088507
49,500.1276570586396,753.5053681652464
50,831.8312293930417,774.8816039263409
51,246.68477604522033,807.0565337189588
52,751.4744465419438,854.1182469730553
53,768.8954246940317,850.8380775048254
54,981.4837108073049,770.5511072497063
55,954.2664780912067,869.8978896102229
56,807.8039775948574,962.0045370309471
57,1015.9579228981908,995.6709576748248
58,998.7526027368157,951.9357786657779
59,1059.5811776084165,1036.8643542231466
60,761.3816293492674,977.5059500680076
61,1077.9330440331296,1006.192881177561
62,1276.5766147991874,1041.5734875963265
63,1175.9773691739074,1114.4352638741152
64,1257.7164424448465,1205.7138445953003
65,1132.9486880666068,1221.6547256822646
66,1325.4437456249534,1029.2477910773357
67,1193.065420099764,1201.2487348947668
68,1185.3380493354102,1094.7016490671163
69,1284.8081980708057,1269.376149578557
70,1390.0222828705498,1216.5371996336798
71,1320.3470058081025,1139.7200777245416
72,883.0927921272474,1306.1740705084612
73,1310.882133465811,1274.9969023279243
74,1155.556678882222,1297.3095652144118
75,1352.8823963693974,1282.3564034509807
76,1488.7936312241231,1403.2545306107493
77,1386.322411484558,1359.1804210011767
78,1501.6728722548112,1185.9779471197066
79,1477.4471442948857,1421.6067006874284
80,1520.120484484273,1406.7201811354057
81,1575.8726754384602,1385.6055492519113
82,-206.26325834127533,1418.7211425654043
83,127.79875685743082,1371.6031933943675
84,1684.6658640349729,1490.7858787894809
85,1607.8156015217487,1677.8075798561642
86,1601.394286264799,1443.3102179038324
87,635.9715415895589,1459.79336933182
88,1070.6445489023329,1549.3047376536172
89,1694.5678650007994,1559.1413336516848
90,1673.7303478043812,1576.1344520939508
91,1500.0789479465866,1537.833313634924
92,752.7884708841249,1572.6457661446282
93,1692.5467480214977,1669.3801175618673
94,1752.2519778240408,1682.9578544193228
95,1748.2576223142867,1435.99827647113
96,1737.1015293961489,1669.5935908950196
97,1583.3538678680118,1588.172854229108
98,1848.6845437915122,1582.1498852084308
99,1649.0238828834028,1613.2062351414777
100,1803.165528320782,1492.1118238418776
101,1663.4069209226507,1447.2219242320602
102,1826.8830690131526,1782.8665971084179
103,1832.4660365826212,1493.3163992422465
104,1729.3263033221965,1796.1092262318184
105,1745.6053866961722,1771.176960007523
106,1826.5287171029986,1779.57005222436
107,1855.023100071025,1714.7196899403664
108,1911.621349326691,1818.9672768692456
109,1820.0869141546043,1556.5476328222537
110,1917.6544362241343,1622.6476493102418
111,1808.0201422528478,1681.9117226138305
112,1765.6562105007588,1759.602055176967
113,1909.679834113136,1811.1275790692443
114,-170.01920278926656,1700.6036840129111
115,1952.1598057451945,1857.565975025676
116,2017.1727806027804,1708.9289139491796
117,2010.1687101202986,1692.4191333060523
118,2063.662479348056,1845.3597566134933
119,1925.5837517934015,1719.4199287136487
120,1890.0307356664368,1825.1098043133877
121,1885.4744098498409,1852.138193841221
122,2023.3083836815028,1700.990178975744
123,1949.2877113913157,1767.7399339028977
124,2006.7460259007255,1885.1741791484048
125,1945.8612934860541,1860.5842357865881
126,1863.2878765295363,1945.9831061531204
127,2002.2634709842744,1839.3505049343016
128,2011.7268193923283,1714.4618751003836
129,1983.475910823981,1885.9847349585798
130,2002.3547693365006,1829.4676976008902
131,1489.6663416116123,1882.324601964434
132,1798.0371192687112,1696.9405081986292
133,1854.330687934278,1805.7401677747969
134,1938.258207063092,2003.063369965903
135,1970.0610297899605,1903.8686503037316
136,2111.4637636936377,2005.812030469292
137,2103.229198364119,1792.2211245183641
138,1952.9181654354056,1470.177068862505
139,962.2303126420417,1874.4716863524245
140,1855.1951170905093,2015.4549456579257
141,2059.99203392493,2006.7965817290435
142,2067.886863102241,1876.028113529996
143,446.85333161142574,1807.3665980459896
144,2080.1892855743145,1964.6063057892645
145,2132.6449282204944,2012.9942013766333
146,1795.5926052361565,1919.3531960566588
147,2065.494598679641,1943.1644417018024
148,2012.5078304278175,2043.626551577014
149,2048.380878737414,1973.571502676899
150,2150.134362167047,2016.6808639972023
151,1992.0862313195037,2074.4321469917954
152,2007.6020493498593,2042.3899684770934
153,2143.2468042384953,2033.432474109551
154,2141.8555553092197,2021.1112374909612
155,2071.723414456736,1930.2022798993473
156,2118.707290484471,1619.0690334895637
157,1997.0829000598571,2071.4967432292124
158,1833.875171556128,1980.6862259348861
159,2126.37636146243,1923.587937741249
160,2195.127080834697,2088.5246748241825
161,2207.761992978453,1916.6348082694485
162,692.0426660992335,1985.3517152704042
163,2084.9296787196877,1839.8428782164992
164,2182.42183411145,2058.0568421125663
165,2043.890712388679,2054.159189956804
166,2154.058350062234,1913.9336411826478
167,1989.2178573000956,2137.2941282092083
168,2181.128949024839,1931.1182997489382
169,2007.6284448582605,2145.2516087437225
170,2054.9374624844704,1873.222817215248
171,2136.0235340778213,1954.6023188532888
172,2152.4914171341084,2071.475200902655
173,2165.972416670817,2048.876436786363
174,2179.3159370858357,2208.6110309473497
175,2286.168283240052,2192.26472731519
176,2159.1527739245266,1888.5487087472939
177,2315.374599088315,2070.564422191771
178,2342.0933030966467,2113.375981494151
179,2350.0500177667236,2148.410385594113
180,2062.3075190419577,2220.70683170653
181,1278.342731697552,2214.4640423603264
182,2167.2144999294715,2160.0262124746973
183,1846.9775215445939,1929.4212564364
184,840.1847290191145,2131.2002020253462
185,2187.5912392810137,2115.1335914222404
186,302.01507557297987,2087.1379580878433
187,2382.097145095955,2185.413762825826
188,2320.00279221621,2211.117854988761
189,2336.7155772055153,2261.9579887624923
190,2248.817540374529,1952.3075062004832
191,2167.959525568134,2109.8328193709963
192,2456.0885130182937,1925.9577324369582
193,2374.4432998292077,2239.3316830791305
194,2415.6368138685466,2285.6540511800495
195,1750.3980844090536,2090.990942501888
196,1475.5878797178586,2250.2135363663833
197,2397.041096579688,2347.4302995821968
198,2182.134854772933,2208.4568730947676
199,2129.7132022196906,2225.8078492797176
200,2295.222678839934,1895.6067682527457
201,2300.0959170999495,2263.345944137002
202,2196.0057864588,2167.317899659809
203,2403.52075550004,2116.399566696482
204,2174.2794642738895,2141.406469405634
205,2299.031194171804,2255.7932195592075
206,2300.6703691220478,2338.3462698641797
207,2313.9045471992467,2173.7152269243234
208,2272.4021501749653,2180.0629719847734
209,2331.459060317355,2246.344630573769
210,2231.397702484133,2087.2082195800936
211,2356.9701130609947,2095.0271672155695
212,2236.649875263185,2081.3290019863775
213,2194.720719592121,2132.319111175706
214,2470.020692517512,2101.6587854064874
215,2583.1276005990917,2311.2537822194654
216,2381.5470504457035,2160.2657294103465
217,2466.8914255623476,2015.0406219758065
218,2197.5838783331264,2206.82603407963
219,2330.622673297695,2351.0147918267685
220,2310.766431512211,2228.991984672419
221,2311.3763114800986,2272.6044362549333
222,2250.1041735816216,2376.077300951848
223,2416.327587752544,2203.396911886926
224,2042.8331486805594,2304.42660108839
225,2367.712757087232,2313.6239911266066
226,2301.433824744825,2298.366063700345
227,2303.972073477656,2253.939577065006
228,2178.275997228059,2356.751569130329
229,2238.545468215327,2310.634345063341
230,2388.273661697841,2404.5745240688157
231,2429.309724020712,2231.1697850583773
232,2529.8971880871977,2222.697828556726
233,2342.389218031609,2336.496503786128
234,2487.42402631437,2281.548284067931
235,34.35423197484521,2234.100213254415
236,2479.336021383631,2413.340044339677
237,2619.5251295116204,2214.6824783264633
238,2468.8232636832486,2390.941247728359
239,2255.7423157758517,2377.6766999012443
240,2520.9812438666413,2304.3741798642295
241,2636.341850641163,2188.165261758626
242,2508.214417238276,2411.907727630832
243,2586.061589074338,2309.4788693249934
244,2433.0465802934727,2444.3750294687547
245,554.9061683891941,2085.8144905965232
246,2581.374145251938,2453.122784604929
247,2537.370662119547,2426.073500591277
248,2341.024314276236,2359.957339439579
249,2581.9318023437545,2343.6804073382586
250,2415.080991343708,2384.1650593715412
251,2414.9832867939895,2435.1296590066117
252,2503.025742871236,2274.3790527943675
253,2541.942396294995,2200.5164030554733
254,2512.7204088538992,2482.7668427721337
255,2463.2291100972534,2518.2074976136837
256,2598.8031627946575,2498.3098579550933
257,2586.680213206096,2267.1260901307423
258,2516.508304021574,2158.1850206081217
259,2302.7314074669844,2488.905285039272
260,2679.9585206053584,2480.2998101414955
261,2517.4491462243086,2388.7118044264603
262,2502.929406581936,2401.964016314627
263,2548.40965599679,2524.4660818079833
264,2339.244848770422,2208.719740256354
265,2419.519839939388,2259.433896796954
266,2541.747613541119,2102.224224466374
267,2563.7499894805715,2416.333160160778
268,2358.231892702905,2480.1454299913353
269,2610.4209319467877,2556.0346915436976
270,2424.1356525702995,2493.312451971774
271,2484.248204202001,2381.1228326096098
272,2364.5222935597403,2483.7432584905173
273,2487.6493201117855,2396.0416179460017
274,2437.9673854338357,2522.1426625856448
275,2499.6231311775873,2438.1859955087098
276,2596.510101706247,2383.3391950904147
277,2789.5293371453586,2301.6711253511003
278,2709.2375857389716,2428.139374367757
279,2550.92062455889,2334.4753609541876
280,2422.1071399451776,2438.944087139205
281,2517.1525032255513,2412.5014083225465
282,2696.0899409311914,2569.89881710344
283,2564.1871952705155,2501.0221327132426
284,2554.2363300111183,2515.0207577812716
285,2545.6974018074025,2548.5594324289737
286,2384.7469427461297,2576.6578085839687
287,2388.2020018364556,2576.5621977119213
288,2601.497312308268,2609.530586300239
289,2442.9603906090247,2427.903880742038
290,2723.7492364987297,2511.081568292555
291,1304.45559667158,2380.8964133488066
292,2677.7935944315623,2558.248327010556
293,2656.100484420573,2616.0843535272465
294,2419.0103031331214,2433.7789327353184
295,2393.460024460658,2346.281330527458
296,2439.1238605760755,2557.016553248497
297,2763.8799052520917,2595.3875401285945
298,2774.862477574472,2655.9827172844116
299,2707.6566434420574,2611.2500626151
300,2796.877016659938,2537.3980324496033
301,2591.0058862844153,2431.3531396380517
302,2624.180283691553,2486.234712284407
303,2597.455558241173,2499.1043176165726
304,2394.098409886172,2630.788247113018
305,2482.6751661059825,2356.637846883393
306,2474.405697994977,2619.018907982423
307,2481.37051414013,2571.8832599151583
308,860.9270346889874,2409.7522746223576
309,2690.299273164395,2618.2267539185736
310,2742.4044232458095,2434.23885444677
311,2616.5759460262298,2506.3167142787147
312,2403.6632955723107,2569.238748831702
313,2776.2220969489517,2494.3839089799344
314,2561.6762267183867,2598.9437057519535
315,2635.9292168744246,2674.6280673460524
316,2733.3413873972318,2535.1521261136786
317,2750.216144653116,2591.939673665417
318,2660.630117265764,2655.9665789495048
319,2567.9433652607627,2574.599941836498
320,2632.4318555662257,2443.826416978724
321,2612.638726220182,2636.398182543091
322,2614.546602577948,2649.498754449767
323,2644.3182665981203,2528.9512067451055
324,2796.7897466380778,2679.0767879260356
325,2753.379993568306,2638.2475167857147
326,2774.056276647481,2443.0050332192395
327,2716.4273997723067,2679.7911332648505
328,2689.3651720131597,2457.905981966278
329,2585.0699803060934,2582.2628964489772
330,2700.77121629656,2627.443199265675
331,2831.1849992669104,2689.1874065020033
332,2773.9596247918475,2617.5907742800487
333,2611.8346080436454,2616.3412833337366
334,2760.7158175505056,2615.20778212884
335,2692.468311339973,2309.7441930794735
336,2570.5992735831574,2638.2107406445343
337,2678.389268891174,2671.7151250924544
338,2684.0012628287486,2504.261549959017
339,2622.0725211760005,2504.9174679090224
340,2759.0912626324275,2553.351680694801
341,513.2033663474556,2384.3579858441535
342,2770.0132482165563,2561.659416321635
343,2640.867375423721,2517.8446651878676
344,2746.7521368764246,2462.434774715928
345,2645.241128871184,2361.6254701304365
346,2680.734418900802,2533.1210109389635
347,2744.812425377766,2719.074130384824
348,2771.224981131202,2477.188167430206
349,2717.095681765264,2365.547224827925
350,2814.2395197700453,2368.349918717666
351,2558.1461846968396,2690.426672585323
352,2701.6366905936984,2666.773043982055
353,2750.3521046394067,2499.7046032629755
354,2779.3769972509126,2688.7449894300926
355,425.7868546747426,2383.9864475156755
356,2426.7937334113712,2414.8814131907443
357,2733.4002916528984,2714.8444621404715
358,2615.7835298935065,2623.385262744256
359,2666.3613690890625,2561.9864658292927
360,2744.4793043703517,2613.8159430724886
361,203.94086202540558,2553.3454766543828
362,2645.5695826573333,2691.3091779258702
363,2673.482214750486,2310.747605298715
364,2750.2726040431276,2748.894685996822
365,2610.463822233176,2335.4297960433164
366,2598.270316374601,2462.1397690207996
367,2964.218416560984,2455.829890970256
368,2620.563281393263,2529.389112677851
369,2735.4648981981977,2514.7151264499007
370,2973.37382014731,2528.357826823041
371,2612.157820005325,2624.0500018687612
372,2535.5162483180884,2371.2346815469978
373,2874.56406318699,2778.45528537579
374,2860.260990502687,2391.7155621829074
375,2434.7488609091342,2720.5639769538857
376,625.1942088013674,2396.9797348291895
377,2899.075372201796,2532.675504632979
378,2936.5976432183825,2459.4928730962447
379,2842.0970636413513,2682.510675348859
380,2841.1828535181407,2478.5243383102625
381,2990.175023580036,2593.624191003369
382,1592.8620594637102,2607.9813642635695
383,2827.8739836633513,2736.3671258732525
384,2732.79023566642,2759.249175981138
385,2720.80849255303,2218.324006264425
386,2803.4700110122894,2614.917686366898
387,2719.2195734357056,2757.751274009148
388,2811.462663826306,2730.1922272083
389,2918.5660335393095,2683.4221448293647
390,2750.135863187113,2600.931437170504
391,2783.3289616619304,2674.799196756532
392,2806.4116057913084,2786.9539762466634
393,2806.5813000613157,2780.013382399449
394,2894.644531180668,2731.2392021062715
395,2762.227772496958,2558.6169107295277
396,2900.9747902713902,2645.94201471763
397,2761.1072892716693,2592.29839025112
398,2792.336222733565,2774.5307676323423
399,2744.689254930515,2627.429365614407
400,2567.8971289462543,2624.067080453319
401,2736.951851042799,2797.052877061178
402,2843.7969439635845,2697.4045535020946
403,2743.8414215759826,2671.113102709575
404,2663.4800822613315,2810.3150260408174
405,2866.7325411928355,2802.1935040712156
406,2866.944772831529,2781.935489480847
407,2785.8284302500915,2679.331782764418
408,2845.993335869751,2662.8711633978733
409,2357.7524017860533,2755.8803806078618
410,2927.5693356905686,2638.139064981161
411,2854.11839459684,2786.8188121993335
412,2902.159448876723,2635.059000012109
413,2748.0708107523274,2552.9224174706846
414,2975.174728955095,2511.535761685336
415,2665.83623527835,2499.6986830964797
416,2773.4891708854448,2791.0314752290014
417,2757.8838618028985,2791.701271607915
418,2690.3308060938925,2782.0576435156654
419,2596.6319246350236,2754.156060344602
420,2869.3424827864483,2694.229325023792
421,2617.976207915921,2767.6385364520934
422,2824.71724789289,2783.04207190284
423,2999.4944988203392,2766.381434510766
424,739.5466894737217,2555.8764787193177
425,2851.7738237496314,2628.7781142493905
426,2883.341890556975,2818.5986695020015
427,2739.072033858901,2702.8457555300097
428,2933.2307024631828,2797.1962977446433
429,2777.308092503548,2730.832077800518
430,2785.387918660329,2796.5794899293996
431,2531.3431151241643,2669.0186111042126
432,2979.0924752827495,2810.1918491674314
433,2836.1561341229594,2776.558107789864
434,2738.172165345724,2716.5338654956367
435,2906.7031365800863,2776.756379015181
436,2667.979939498588,2699.8370200749546
437,588.4202046866621,2664.521571485922
438,2738.8040848038386,2678.8687993538647
439,2940.4107630231993,2821.643941606586
440,2975.799973552297,2784.933625378914
441,2799.7283602791626,2733.0988325927656
442,2825.423493917988,2849.0349928795076
443,2543.2034842552503,2793.860074997115
444,2730.2670328470886,2610.0770973203944
445,139.81596564933912,2663.6274329014805
446,2994.0452165918787,2837.8420582538492
447,2846.5460972264777,2767.1179239921707
448,2813.8070595913136,2706.3749912539142
449,2729.128866472021,2824.655258888559
450,172.8165057416949,2476.1082582017925
451,2944.1375581140205,2816.426169592409
452,418.99899362374333,2416.016043738786
453,2855.9714154251837,2833.8307146571774
454,1729.4768721075518,2768.9480615990587
455,2896.3983378872367,2782.7980493617383
456,2816.186706679474,2876.132636041833
457,2783.119148578176,2878.9241194698384
458,1253.1035843719858,2722.025309581643
459,2873.2289209425676,2777.65351049259
460,2891.7009638681675,2848.305367465619
461,2884.2638525076172,2841.1872066575384
462,2650.9876395801093,2865.293308811009
463,2796.150633027466,2720.347347704801
464,2831.70175552133,2771.0335691923183
465,2749.1515884124824,2867.9996420726857
466,2726.7361017552166,2840.5694437568472
467,3030.705835957387,2737.318711999124
468,2928.328820422928,2891.5287012534654
469,2691.387141384535,2838.0333334964384
470,2874.7490450763066,2744.9000520786494
471,2770.6471001797936,2867.5747220867192
472,2746.0660815032998,2763.731400870701
473,2789.197562747295,2576.6390290213003
474,2708.678889381793,2763.441845136095
475,3025.50935086456,2681.582720924757
476,2962.0439829898023,2852.6992640167805
477,2962.001905616577,2890.2060467537726
478,2594.7519110783073,2851.6714016024334
479,2992.2013598844273,2761.1642383389194
480,2560.744618968674,2877.8352008272377
481,2702.7473567806187,2898.669420759448
482,2708.433481152137,2857.6395180497893
483,2912.3918375135077,2800.7981292674194
484,2986.2564036982963,2878.3048211668447
485,3040.6981294629904,2743.5004874297256
486,2952.5860459319683,2719.0780061161604
487,2628.3699171118146,2875.629231989399
488,2903.245931315356,2764.1741524944146
489,2767.6005937111854,2779.534610806863
490,2857.7010340800457,2808.5742913545255
491,2934.0552597501974,2912.381572080406
492,2807.7074297738773,2861.130879026555
493,2964.277309143386,2911.161784701166
494,3068.5667178670133,2905.6194911530556
495,3026.0960916176664,2713.5619397354203
496,1131.5742564324912,2686.944898878531
497,2745.0038522635177,2592.9573801496463
498,3091.2312046753336,2644.3094293677245
499,3003.0765311239184,2791.8411476299275
500,3211.9333454501198,2981.1973202441886
501,2962.9852926531753,2731.6565404943467
502,2996.810828882263,2892.702109918712
503,3075.613187623034,2973.6804826225007
504,2801.945266939987,2816.0349474389004
505,2864.8609319495567,2819.670468928864
506,2877.089873469583,2881.867162305912
507,3233.979580888627,2868.2340413036995
508,2758.1247015803283,2914.6647727675936
509,2911.7483776890417,2796.883463081285
510,3142.8356394965513,2841.353988090046
511,2916.5156392359922,2712.144566445932
512,2911.469438775421,2964.207994734896
513,3028.4536713090506,2968.811418497138
514,2940.8715959168135,2881.396198622119
515,2960.21475916344,2907.8527813445007
516,2945.0718858961486,2964.334166684887
517,2941.1873021822184,2980.3035527985007
518,2979.457342859448,3034.6618792905215
519,3022.700230207086,2851.612014044435
520,3035.743342255076,2896.852915401903
521,3062.0116586807517,2996.9786600928346
522,2853.929258339767,2940.6598558762844
523,2932.352734862991,2839.51663353965
524,3065.210748024764,3007.179940507414
525,3006.956110906682,2679.436122745451
526,3051.088076233485,3027.9800040261125
527,3156.240906340294,3023.852992066111
528,3026.306805126543,3020.354905843133
529,2951.0856938526235,2936.8568457159595
530,3170.574614328788,3001.3603692338675
531,3041.9838038787348,2961.0917163481995
532,2917.3557255123296,3017.196071042429
533,3174.972418181357,2995.5292839300005
534,3053.8466022701186,3033.314691907137
535,3053.909621136724,2783.0135752573533
536,2927.1020736362752,2850.938419978193
537,2996.6888465654793,2993.2589224835283
538,3032.5614807110055,3031.7537844638423
539,2975.7827988725467,2937.953648373811
540,3271.1824105146165,3026.3141988271086
541,2891.8875208180493,3010.006145805142
542,3144.3724826793923,3003.561098900514
543,3046.9206639032072,2891.3079385145957
544,3283.6356702941325,3053.809487644869
545,3294.6856514277474,3010.10257875953
546,2910.1217531984043,3030.299140584655
547,3104.970413823859,2977.4740838819516
548,3046.954578999509,3065.0613260788623
549,3038.206181070911,2989.4625543336942
550,3069.9033414444602,3020.954171308631
551,3170.597527269479,3013.001071764969
552,3016.177205764718,3008.4690258343535
553,2100.8723133969324,2921.7881572421347
554,3140.385695438708,2836.8754911241963
555,3184.924496513784,3036.480811413414
556,2984.3016247729697,2962.4014173392043
557,3115.5518451794883,3060.6920596611
558,3059.3837932646516,3063.761535312007
559,2990.946110388485,2912.8183784525927
560,3022.8920385137912,2865.482011207101
561,3096.443867700266,2998.7541103843373
562,2830.6408761986504,3027.3195592165384
563,3111.2854226274553,3027.6589311421094
564,2946.340137573767,3029.233348498289
565,3079.9817641068594,2882.457793717177
566,3046.5845912930054,3048.6848587272434
567,3087.500175933895,3053.810945763852
568,1585.4035808674903,2899.9825014560533
569,3320.4721934953654,3036.386925349807
570,3225.578312796333,3067.515536496254
571,3030.1379789061266,3056.5804575781353
572,3176.2294453869863,3061.988429864306
573,3086.9319663077813,3017.0007610611488
574,3113.844767185797,3053.3411218584406
575,3125.1997878544043,3040.501160475297
576,3144.1858810429985,2808.890315878281
577,3149.80931923368,3037.520629717279
578,3151.9668540156235,2935.24862328614
579,3208.8766910280397,3028.802730559202
580,1127.7654217072331,2905.1698902539815
581,3113.0521953088924,2895.3379103383427
582,2849.7042297916128,2891.754431941979
583,3001.674459257721,3019.323899399006
584,2928.9480349847627,3050.6552147306625
585,3044.5017356998737,3060.1845523039715
586,3304.147641091384,3096.9149392580907
587,3164.6589156352197,3089.3999512550795
588,2944.039418685534,3077.4767558462313
589,3193.5713389312946,3069.673739369131
590,3089.145661402583,2968.831737481331
591,2892.3529770210403,3018.8830314156794
592,3125.168125756565,3069.664357028755
593,3010.1746126619164,2908.3072503035814
594,3065.416908679243,3089.741095318016
595,3138.4124287568975,2973.6848099293093
596,3143.496954273865,3064.9748096731773
597,3001.959249130251,3083.4518260295413
598,2899.3306387616967,3035.9051802084305
599,3082.1852446515113,3092.4310681365955
600,2854.582797862498,2908.2790819870825
601,3297.6444413193476,3107.3301815717373
602,3166.4256029082785,3071.964160988062
603,3043.842203015154,2907.403842565357
604,2895.676087824922,3079.881482101764
605,2917.6335166707477,3097.0866637311574
606,3206.839603202218,3080.12883334647
607,3177.353651676654,3062.8831817272526
608,3231.8792262387215,3096.7175310803937
609,3117.8757307774677,3016.299721803076
610,3120.368635730742,3008.5710644499354
611,3130.561730603988,3130.8535073390763
612,2951.8136621410117,3074.1554332560977
613,3393.689755085829,3194.6954718700936
614,3200.588551840396,3072.8161064182045
615,3041.0712187966974,3036.7795466389603
616,3059.0983712005855,2993.355339988897
617,3178.578883970247,2984.1276653935897
618,2996.6364411666136,3125.629179826512
619,2996.4620259922012,3066.5794820765914
620,3166.6400545230413,3044.262445356156
621,3207.3722100456494,3160.733230782631
622,3086.3662975953894,3026.800571881037
623,469.85419716694827,2786.9096541622093
624,3058.450686574495,3134.6026016029455
625,3143.896890994599,3139.035436773406
626,3167.0955862372716,3139.181489411836
627,3082.5462321670725,3115.685564561524
628,3151.527709507268,3024.131231470856
629,3122.8965231957986,3046.014878205754
630,3067.747325686883,3021.869237307352
631,3148.043433400156,2989.1224661026185
632,3384.3984117813866,3161.9678317470034
633,3259.337492075477,2927.7461772669294
634,3125.8916572593153,3150.2131208818705
635,3288.76575673086,3180.1588785949843
636,3244.422146955257,2934.549627965047
637,3109.4665812703925,3138.413006116551
638,3133.450833570799,3130.589300727667
639,3295.906243572911,3183.986467282105
640,3123.7289451288025,3123.7710919313627
641,3140.0617956149113,3103.1749812531075
642,3182.7405736369724,2903.1127303805324
643,3369.9090058506313,2999.623638163121
644,3236.844263649889,3178.362756068458
645,3271.583059466639,3145.0809996988437
646,3087.0914975325322,3198.4856494562273
647,3180.2247607438735,3182.4553944284435
648,3303.6371203012222,3094.046222523619
649,3294.701121678707,2550.895354478861
650,3073.598986292091,3153.03491396889
651,3062.2567742135616,3173.5396066912754
652,3336.993991364225,3007.431390232651
653,1650.3455279249927,3037.9159015908026
654,3328.543826781374,3188.0051606723223
655,3049.1792261690193,2970.847665068733
656,3323.768937106617,3234.9550301402096
657,3286.898463034953,3172.665882858897
658,3101.248935767828,3175.3589556694774
659,3484.116316940756,3225.490378510439
660,3414.8357377728485,3155.1100804886487
661,3298.484177657294,2969.74819667666
662,3295.924225781388,3224.133300962284
663,3077.8264330609327,3172.076185874419
664,3275.1037589746993,3195.057858197688
665,3098.7458640562922,3145.8319419427617
666,3380.713653878401,3212.2774228239723
667,3087.9558241139935,3162.4788265943657
668,3261.904551562728,3046.658206027901
669,3353.5509855832256,3189.005146241048
670,1062.9312788177497,3091.989318656625
671,3332.311955845708,2979.4073803686456
672,3134.420708621092,2997.2041174169335
673,3134.089977176729,3242.906928917869
674,3214.2852322182443,3190.3135001664277
675,3106.836803239671,2764.9180963262743
676,3033.744113473781,3122.214938830892
677,3101.49515421217,2959.8448432134746
678,3143.901418998127,2850.106300522827
679,3176.0127012814614,3220.8048117977464
680,3154.526406501657,3210.7524913870006
681,3324.0378385228787,3081.893796805066
682,3120.9972816780705,2948.63109415279
683,3264.5876819965333,2990.8241788719533
684,3070.053236421592,3225.7589143913287
685,3169.0471413334058,3126.318919379688
686,3237.6900621325767,3207.702034164325
687,3183.1433967636963,2865.0855555494186
688,3130.9574256769433,3193.11894592872
689,829.5895853838043,3058.087013423418
690,3238.50926422154,3189.488602205008
691,3161.6313445185997,3174.382337563826
692,3086.3279967726085,3185.167865602267
693,3133.881451713375,3259.096247070775
694,3195.2828793798794,3222.7569645179374
695,3280.6741305141695,3155.679850771763
696,3229.2595350779393,3233.205961016672
697,3230.9416016311147,3103.2090850998156
698,725.8775717293155,3027.8899586330335
699,3172.022626232554,3066.94366230217
700,3100.028934616553,3231.1789639894246
701,3321.145296870103,3207.1712374502076
702,3159.778485256101,3053.8901759365526
703,3329.061565165043,3111.350430180772
704,357.5083528785059,3077.313068128389
705,3152.777473479166,3182.035341997603
706,3201.772779492992,3212.017324562221
707,3017.616703517262,3085.6171150500977
708,3218.7292650626036,3175.370693888074
709,3321.9908239491474,3197.392385296861
710,3194.28230564404,3155.2465679624356
711,3321.851963833028,3218.9304816809417
712,3151.34214528866,3193.2729449812487
713,3179.783443999189,3229.872984160434
714,3080.3587759660218,3230.7790337013125
715,2999.2642506968646,3197.0667343272603
716,3134.6272848585295,3200.0315014279363
717,3290.801651422919,3211.2867426318635
718,3069.0483025148296,3056.706902664038
719,3385.5260146898995,2990.4487459136935
720,3292.482450580691,3195.565966083939
721,3270.8683173478853,3245.041886125865
722,3224.3973501483574,3126.117617541333
723,2982.3794404920286,3233.0490162239544
724,3197.838088068672,3189.777851790916
725,3196.2407674878527,3114.726582796364
726,3386.5818467669283,3205.146705955435
727,3347.7616142269267,3116.803928719252
728,3367.762905711685,3257.008779932668
729,3028.7839757041293,3172.326491787445
730,3183.547729324051,3132.038773999918
731,3159.512398567153,3053.4312802854147
732,3180.618640017447,3218.981956986992
733,3131.0315005572634,3218.311888038663
734,3247.0984325135773,3269.7225358555625
735,3225.030662394839,3250.8130476919264
736,3246.3524967461917,3293.7271313302276
737,3284.3592680661473,3275.3255462054017
738,3444.792596528589,2940.568024800388
739,3267.960158257719,3272.1469155233353
740,3263.035785508267,2975.068161861232
741,3128.119976340737,3164.308210799278
742,3260.2011332196244,3229.5320961617567
743,3271.68435793414,3293.340230674043
744,1069.5777888539708,2929.894141316258
745,3189.9351327771324,3154.3061008294558
746,3150.086847245227,3177.810037852536
747,3152.061883323376,3240.7647819581043
748,3277.2114233219445,3202.1268253697285
749,3271.236215024031,3211.4442610064907
750,3433.099225767817,3246.3601435076753
751,2997.1779944884042,3136.3370742864004
752,2995.7453700663577,3290.101524336266
753,744.3224961457942,3069.063471723055
754,3423.0388021171366,3318.023635104293
755,3151.09471278977,3250.816229696973
756,3295.5964652423622,3263.976552676473
757,3214.621219278753,3155.7460117119513
758,3141.2805624748494,3045.729743027197
759,3234.1592927667657,3279.7882712231235
760,3443.6094213955057,3292.567145529543
761,3356.1951616878587,2970.5998356337227
762,3261.3988157988133,3132.0207133490167
763,3223.070571835746,3100.652134012149
764,3512.709749814999,3140.140699068398
765,3323.724559881513,3245.9928942908286
766,3318.1101525789,3204.2807566106535
767,3436.193034158836,3072.167143816072
768,3193.643073490494,3215.167055454258
769,3500.9975016050207,3230.1370356611915
770,3629.66105095321,3301.756049481052
771,3438.867880588277,3315.146114737886
772,3207.048535276089,3128.1389798645755
773,3075.551537111056,3266.6522201879325
774,3441.6112067077706,3091.0218739990814
775,3445.8443780389,3294.3881911137687
776,3403.467880720478,3296.039169715016
777,3227.9752616260885,3320.509679942236
778,3160.490250142575,3114.2584315243753
779,3336.6245832074696,3244.8167575412554
780,3272.7319075523346,3219.1707873810237
781,3287.835876235615,3093.5951186816487
782,3292.5871757301284,3185.2578469741284
783,3197.625142876845,3248.5176583881835
784,3197.6075312445405,3271.4356405845506
785,3261.0725872522808,3230.4602762127447
786,3264.193964614219,3253.273454251212
787,3282.2989017710497,3263.9839521992717
788,2979.8711608823915,3275.1802523503748
789,3362.8909814710814,3226.577009512595
790,3091.6462849217323,3270.244944390586
791,3303.1752220383205,3270.930752582559
792,3511.7625077020043,3330.352678084607
793,3178.981572209958,3310.742106090228
794,3389.3597404965185,3307.787552179769
795,3466.1856965053626,3284.500352272635
796,3251.897765271628,3272.6577115101263
797,3482.095656466783,3231.104945939206
798,3135.6004518015616,3254.1515034844506
799,3285.362816057517,3256.3608958705095
800,2966.572490292659,3275.767269343936
801,3549.0280529919132,3174.3831880583543
802,3080.6779209452047,3317.590566030593
803,3330.099855640275,3260.9184918496
804,3297.777155584217,3265.4100309930272
805,3384.0544602638206,3171.0493662765753
806,3303.8736839908825,3293.589218083509
807,2547.2149856786273,3076.662593006288
808,3247.6565151914206,3238.3923453684324
809,3388.1091397717714,3099.503430350173
810,3220.9902533563773,3282.3724493980394
811,3212.503621330241,3298.950441016719
812,3238.4854247679605,3152.643879783619
813,3278.2278385756176,3344.0173165092074
814,3305.2833841728375,3332.3586557617555
815,3401.6499965717153,3322.7190545442713
816,1202.6259148452616,3227.324829854358
817,3225.8477432406276,3321.8981404650217
818,3497.390149603119,3309.218820691138
819,3295.417140258651,3332.808114481278
820,3332.6130047648408,3294.7020531042717
821,3468.162490395292,3286.0095919328387
822,3407.5563915594807,2813.864725239452
823,3066.031860303497,3105.2469445706133
824,3274.312346424443,3244.523248503896
825,3348.463269428307,3366.7428223212355
826,3144.282881412293,3167.572674664587
827,3323.0673060443582,3352.9560725198576
828,3300.7163492773616,3321.0303531449895
829,3219.1132507338834,3354.523580938446
830,3308.178815578193,3325.054922996241
831,3526.504491677743,3250.996143587605
832,3341.977877165961,3288.5022294387695
833,3282.5972656584267,3250.9129482673916
834,3438.6647564982286,3337.6085184929984
835,3365.6390284403724,3331.868512838042
836,3105.5250667940904,3314.963762192681
837,3562.6431845330926,3123.6515755381947
838,3378.966753552258,3320.760758775451
839,3440.381379413529,3342.0382416456887
840,3361.0555689882895,3231.7690503394347
841,3345.9628320688807,3365.6173263311453
842,3385.514507683986,3326.583872196735
843,3428.116454096358,3259.3492104265183
844,3064.933524962679,3310.8974213430897
845,3374.632376665669,3285.1433297513618
846,3362.1553297943788,3335.747069647398
847,3394.540998208767,3358.10607760894
848,3376.7224197102328,3352.58714908949
849,3542.9308868746225,3341.8866437756656
850,3304.0776499935046,3217.53822808644
851,3329.7510287167265,3324.6924203071894
852,3217.724580670163,3305.725590355286
853,3361.279105084406,3324.925678329064
854,3488.626464220789,3232.6994271749095
855,3252.660676583767,3280.4150778005933
856,3011.4010118345072,3343.7652413716746
857,3433.3083108908254,3065.2482636773816
858,3255.1068090588606,3159.213429153963
859,3225.889943284765,3325.2956773532496
860,3120.30273486554,3310.1632870151097
861,3365.4891592768663,3316.869049723793
862,3283.349445468367,3196.660194105865
863,3327.6990888327678,3340.714100008947
864,3485.085013976232,3149.1117095441996
865,3545.765919494096,3179.8267708049525
866,3356.4471543312443,3351.9173627143327
867,3487.3443543556878,3303.3816006273655
868,3230.3213192345274,3365.2058257435438
869,3173.607748554791,3305.4057326648694
870,3264.574758839632,3318.8133305638744
871,3322.7892406140013,3154.268799444799
872,3237.1099032302986,3343.428794153121
873,3371.587845644012,3310.6452625998745
874,3270.272037232881,3167.0454782315946
875,3329.2835332505942,3286.0432958175625
876,3264.045975970519,3106.5919710458375
877,3239.103955628969,3326.051587198139
878,3366.804883762578,3337.111265038761
879,3005.6150641930108,3206.170702036471
880,3344.4627717021926,3345.878278427752
881,3253.7123901376976,3367.7999888760437
882,3129.0176234850487,3200.877706219522
883,3359.3535915521143,3364.775750162399
884,3449.0697378259038,3334.977389797266
885,3236.6272919343205,3358.6962605664776
886,3285.421713622761,3367.7718866999385
887,3462.0473265688443,3325.6839646531203
888,3297.8590572644325,3308.5770260687855
889,1812.1797777111497,3135.317072375834
890,3598.944228254083,3280.068748015545
891,3314.053873987368,3330.386565834211
892,3545.7412969863753,3355.1799493768435
893,3351.3874876081454,3318.191227464737
894,3357.2076903598245,3099.254949572288
895,3382.4398750109226,3340.4249556992336
896,3448.923177686907,3314.6271081331583
897,3564.309992385378,3373.1039121320837
898,3310.3247142291875,3145.3588011211104
899,3403.331571176199,3356.0513092891215
900,3264.913540423946,3188.6058368683443
901,3441.4167518229783,3172.826473230298
902,3478.268011959253,3189.438310065226
903,3238.269106906367,3313.6580800755196
904,3316.232540426448,3206.7463158463506
905,3468.6527717610966,3275.2684690078604
906,3489.0068073637826,3285.300604124331
907,3569.8050313567655,3251.073313333436
908,3348.6743617694783,3255.5245626782526
909,3377.644331297775,3230.031332659882
910,3567.3705345093626,3327.574886185671
911,3428.579470587679,3381.9953875037077
912,3380.3853643725283,3347.195032146009
913,3242.000742161887,3253.441250947917
914,249.6626837025989,2958.612009735068
915,3416.4339298186464,3343.445339792003
916,3605.454147905283,3369.2730220776343
917,3386.713846302427,3351.156990292032
918,3327.1432272725747,3201.643675270913
919,3506.0153901909334,3034.5309914920967
920,3311.840922098241,3422.0650278864528
921,3495.0087483724687,3256.0376146530457
922,3257.478682459214,3310.6640589575627
923,3345.452974867522,3386.1005503659767
924,3479.267189125601,3273.200314172791
925,3406.4486750419333,3452.776797567863
926,3384.985651732904,3381.9819234980487
927,3486.5528865884035,3374.512209238741
928,3492.0705499452456,3300.2159661117867
929,3421.2208566382888,3171.1272039583123
930,3442.931406972775,3237.6920984884523
931,3023.4543264182666,3405.9255959824486
932,3367.7582260666577,3405.154262414467
933,3474.420540662759,3246.6013493734395
934,3237.58138857677,3196.303258553237
935,3429.559169155031,3374.169483546291
936,3467.8977747889576,3272.874647294949
937,3566.846755788019,3171.528025807653
938,3515.7454788192617,3465.937939367228
939,3213.036010147803,3370.228073040077
940,3430.9348587955483,3419.8680610956544
941,3488.151104669373,3348.9357483957106
942,3244.5515645375885,3361.2128849479664
943,3130.725546109372,3330.2041175722507
944,3203.7009665666887,3354.4514436264585
945,3298.213369783019,3282.153062798234
946,3378.541277699108,3245.688595344364
947,3247.0541626596864,3361.5849355951736
948,3497.1756824789195,3403.9955756793006
949,3470.2630751079823,3465.004307136242
950,3339.5705223382424,3392.7660676327064
951,3505.984697033845,3358.819236555277
952,3440.840912728232,3384.5675411626926
953,3589.4650003335405,3239.3988531590785
954,3459.008880891226,3415.701501556187
955,3396.854079218208,3155.7269369319906
956,3519.8289554801727,3377.200779881954
957,1224.421089717893,3263.4431951987826
958,3485.312472569948,3254.702142347731
959,3428.5557567299543,3340.061780279709
960,3330.776797237402,3348.306274761374
961,3467.4967694473953,3415.7469470714645
962,3475.3136113165597,3459.0503251662312
963,3219.790844632919,3397.896677641915
964,3427.5165755032376,3181.870062792023
965,3335.501202724172,3419.405921638183
966,3659.83974451609,3470.076597751584
967,3120.5134342148785,3413.014744158086
968,3239.45061927781,3025.6996844279083
969,3285.2586470267897,3438.457093666946
970,3712.7457992625514,3276.7484282315886
971,3447.872164642123,3431.1296348754267
972,3511.3901673993764,3421.319344144378
973,3511.7233189002704,3429.38001941789
974,3596.7076275262257,3516.610210873077
975,3421.9537895782373,3469.733912992733
976,3510.7557625017935,3289.2754146335524
977,3278.605468283639,3421.1150633550074
978,619.1124517408831,3123.2192693106185
979,3462.697604568679,3416.358511177207
980,3775.341625417082,3468.5616869120504
981,3677.4860414981913,3450.9233835870273
982,3391.8953375494298,3511.071777580428
983,3515.354935887366,3447.379889522729
984,3599.6923097102563,3494.718957369397
985,3663.498751824513,3440.7875480379034
986,3571.4736152959017,3437.701245217579
987,3577.7287330428126,3365.942699611317
988,3452.2375989803813,3266.765210467061
989,3645.833034060965,3476.3074894946703
990,3513.994253422546,3453.5473295681318
991,3411.3046260356527,3463.2578320673
992,3535.989390358889,3467.1263035713923
993,3192.6846598601633,3389.023176758797
994,3410.0468771314127,3439.44776212729
995,3311.3154998799937,3400.770515602627
996,3509.986446004618,3323.772357315213
997,3484.235358965169,3489.628332024829
998,3482.595063717948,3493.499815109215
999,3255.429488360705,3506.1788567144827
1000,3365.4808186304817,3488.2807377882805
1001,3287.792726968495,3316.4585129596567
1002,3575.283610701937,3524.5958817462056
1003,3487.374345700786,3455.164635092708
1004,3775.332559798125,3567.247282635534
1005,3519.630129959273,3223.8695563766714
1006,3277.0361213497254,3487.4856648048117
1007,3678.8780020647746,3523.7613187230977
1008,3587.057925228502,3456.2579324625494
1009,3465.6051716126294,3355.72705364584
1010,3508.2302081653625,3438.051220043965
1011,3327.752390826064,3490.132029839081
1012,3533.579333470779,3507.226005201335
1013,3666.0170368563636,3465.5890039551523
1014,3458.0570891764905,3522.3129977889403
1015,3619.5643123212026,3552.109168004188
1016,3303.9696948216783,3273.403179706978
1017,3399.332230520012,3508.0861181612786
1018,3945.0337064826276,3526.346918013772
1019,3468.6795074875704,3367.6228130288573
1020,3564.345714811831,3520.588457738705
1021,3596.826318509076,3499.3727986753474
1022,3611.650121449219,3357.734243508078
1023,3582.0164628473026,3567.258016104031
1024,3573.83434547061,3564.189241474538
1025,3703.243776320454,3552.6985984495795
1026,3736.9505911707533,3527.643752286248
1027,3430.7765351786525,3359.696188172532
1028,3274.8436008627505,3451.5112823902255
1029,3539.109618112064,3623.569614161391
1030,3717.8174702063225,3517.9247212866303
1031,3613.0182765236486,3319.2038371804556
1032,3417.8415415620966,3526.516667520762
1033,3656.3063476190982,3568.949348760546
1034,3595.620476046915,3548.195346665577
1035,3636.5409024433225,3536.134506279879
1036,3635.7145482221454,3516.2964292811507
1037,3371.4506959299533,3493.2539364774134
1038,3805.2010359173623,3535.6433970988387
1039,3567.1278784384904,3486.578677388211
1040,3588.2502764606074,3557.146922754985
1041,3517.9519485692103,3521.909969734153
1042,3288.0366664985054,3550.793194872575
1043,3358.9988445215267,3389.0368615740354
1044,3795.2071997288053,3677.729675737304
1045,3363.244074489844,3461.407743766519
1046,3622.0225821466483,3579.333972246308
1047,3761.9291007114502,3478.2038162114227
1048,3461.308065558197,3599.90965334566
1049,3673.439494110685,3360.1756698144172
1050,3853.611564856574,3587.383099296381
1051,3514.322903976152,3481.994673146737
1052,3637.3966917312523,3486.4314408597793
1053,3561.8908100373897,3587.2853719649975
1054,3651.2320429193,3565.808826518634
1055,3596.159207219518,3564.083867418464
1056,2006.6362540274351,3432.3217121673797
1057,3682.7514629838092,3446.510147702994
1058,3640.5778447198377,3632.68272363261
1059,3449.2614635590294,3404.5659903432984
1060,3821.541769709017,3590.846439188889
1061,3664.7287217914827,3382.918074964468
1062,3645.74825251688,3585.2441900082217
1063,3792.40336093169,3646.0319448026125
1064,3542.1022188880365,3605.089649623317
1065,3372.229228167458,3316.043236708791
1066,3779.9970851154035,3563.802565859063
1067,3425.4263619286617,3578.089791158083
1068,3573.8172434417456,3571.7548758635967
1069,3591.267254129111,3476.1306425292
1070,3696.083263311356,3589.2302079705746
1071,3736.6362071784843,3569.7196169466083
1072,3511.7863852626365,3404.210806910456
1073,3681.359919458115,3657.3107734061987
1074,3559.1065742878077,3481.645895195079
1075,3856.3531862839723,3602.7851663800875
1076,3744.7717646290853,3615.1907505401155
1077,3724.0739546995396,3600.5854020993615
1078,3696.4614169333718,3593.3030864108277
1079,3782.299093160328,3690.509728187917
1080,3805.779380266706,3541.02427816603
1081,3819.452317429659,3439.0022818735406
1082,3484.4028083833214,3520.859090795215
1083,3804.279423467766,3505.011865570813
1084,3595.960215811854,3431.749512359691
1085,3837.7087013075566,3603.2811398382682
1086,3811.663474382982,3662.534019326462
1087,3703.3100426997776,3648.8880109076254
1088,3563.2173183904174,3622.660263873383
1089,3945.0899317598783,3476.6271426524095
1090,3464.7743869178526,3598.1862792806546
1091,3690.9448006217763,3666.8100472622373
1092,3608.8401606320995,3713.0178367037543
1093,3686.9963059399224,3636.7906312004025
1094,3875.0702301277925,3617.41333836648
1095,3893.9258812340895,3625.963304798305
1096,3743.1000845678172,3681.0435426262156
1097,3536.8007398535788,3677.1905372662645
1098,3781.34868971517,3618.7975473949277
1099,3755.20512978796,3687.799851121635
1100,3654.961046368197,3282.0294951728824
1101,3653.037523989265,3641.423633615586
1102,3623.5121249554386,3664.5031360917815
1103,3501.7615281126573,3627.9580085339726
1104,3870.701697862071,3677.483835240888
1105,3533.5699210507655,3643.491217703375
1106,3489.9249772701633,3669.5651829714175
1107,3750.9992378568577,3619.7020032810747
1108,3651.027007465581,3697.1354993293608
1109,3757.7589305930787,3661.973086936363
1110,3765.2003754574034,3647.65450924545
1111,3794.699844166766,3709.1532890157446
1112,3831.753852662115,3675.858693080474
1113,3763.8056348212904,3626.3633426478386
1114,3798.739668156666,3498.3589392121976
1115,3873.8317782441313,3691.1010603530435
1116,3816.6498845590827,3615.489800577103
1117,3518.8747725383328,3591.6825144405575
1118,3720.930131562426,3689.8973472516896
1119,3359.7181595483744,3517.91741262248
1120,3615.575957543809,3414.0641234633395
1121,3611.047222710104,3578.5119610552842
1122,3662.3414901769165,3618.5298209194625
1123,3752.6740968373283,3651.437486210996
1124,3538.1571296096067,3586.6921876150877
1125,3716.714032315648,3482.7163945536067
1126,3549.3700941092216,3357.9653094279347
1127,3539.0905227336043,3656.0785067972606
1128,3710.9806548912243,3687.9563014467
1129,3817.463631841754,3560.2401265803223
1130,3863.596432705055,3554.5541946593967
1131,3547.5298354025113,3506.8168719270525
1132,3883.13141860491,3683.2533863671792
1133,3851.8483306261824,3793.529580347011
1134,3772.0250366773926,3616.0407886579846
1135,3597.702369497447,3630.639664879804
1136,3508.890382210036,3515.9032445934163
1137,3734.872814582119,3346.549315581739
1138,3816.8524441272384,3672.5392552907747
1139,3875.116643227608,3395.374522436818
1140,3591.940227277953,3645.253655904045
1141,3961.8230026005663,3686.820254453537
1142,2788.1908568223935,3584.672134895026
1143,3463.5718844402722,3723.780047684454
1144,3376.004015409938,3667.9179798337404
1145,3752.23956555031,3710.1101223656706
1146,3756.1842316383745,3679.181112669592
1147,3903.7721916081014,3736.359543167882
1148,3581.4612583846238,3538.7330715209055
1149,3695.0643122172364,3678.61748933589
1150,3526.2368295933225,3730.464116986112
1151,3702.5069827081275,3682.39564993809
1152,3876.7433931300347,3755.0999021433618
1153,3869.1327045827293,3596.21152985217
1154,3621.47700174219,3747.27838822218
1155,3612.406993109093,3771.6440527601644
1156,3649.8256210032096,3698.1692535985903
1157,3671.47733161397,3381.1912350648895
1158,3852.7685994094854,3789.934437026122
1159,3940.2916181555543,3537.345236458589
1160,3799.8953838852194,3779.496545035358
1161,3602.374221295807,3637.2815209241076
1162,3642.942344262658,3735.110436348182
1163,3625.630391869273,3538.6926612113557
1164,3767.4293464442894,3571.7882729359367
1165,3745.022690803111,3731.2125533425747
1166,3640.466992899066,3777.50945667651
1167,4078.0659080068444,3595.757008269708
1168,3910.039066354624,3424.7917464944967
1169,3732.6532671956097,3657.7070909896706
1170,4116.004802984846,3748.4895564003073
1171,3880.1942150400005,3551.6510677492406
1172,3653.445153638522,3716.7968920060807
1173,3764.4511701705646,3778.2320217135602
1174,3864.9207850242246,3536.7754640581934
1175,3867.685016791866,3707.7431212526308
1176,441.50975815908646,3478.2106676162416
1177,3785.2706184490253,3713.036359872157
1178,3773.9592247768637,3772.9339317391737
1179,4108.089460054377,3826.794101798331
1180,3416.5520246159285,3542.679347412901
1181,3890.116249894765,3516.2289989011847
1182,3614.678740011486,3704.877277634164
1183,3561.381034528677,3742.217628957821
1184,3593.1662413871322,3759.6835642512433
1185,3598.343936515482,3668.1861703089035
1186,3811.41147735341,3800.7535999611982
1187,3897.3861735914393,3776.119651751286
1188,3625.3081616755953,3697.8667568062688
1189,3912.146528773712,3749.8371468214127
1190,3978.9500929221567,3755.2058514378564
1191,3781.899693639924,3759.585049925799
1192,3399.789128842901,3786.6686943652894
1193,3960.2696315299463,3830.389961900471
1194,3617.474238123178,3630.883226971578
1195,3663.8908221025977,3738.298702862292
1196,3871.5550159919108,3810.9652924574148
1197,3850.696288711335,3833.8200619590257
1198,2684.2197161992,3695.7310210651417
1199,3649.0523118121346,3734.4003117159837
1200,3767.5494310883064,3796.4842559497215
1201,3782.7322553889353,3725.794224296771
1202,3616.8948655072118,3776.8242371003466
1203,4113.39779201551,3826.430489205244
1204,3837.415217842924,3768.0896603677975
1205,3837.2997926199046,3758.241984097996
1206,3909.0208165035965,3813.839747735863
1207,3571.4239615582783,3792.3019875430696
1208,3509.1460302965556,3570.4703623872933
1209,3522.6618289024373,3798.4932059615976
1210,3653.858159157771,3752.0183937011234
1211,3622.1292288736704,3754.165396950519
1212,3898.204452668324,3648.127565611279
1213,3913.537926599498,3698.1439544956897
1214,3812.525449080542,3819.3118001623443
1215,4043.663952910576,3803.3140072388433
1216,3741.89550798146,3814.67911590512
1217,3643.5078815690463,3689.5233566642128
1218,3721.531236438115,3789.380823075148
1219,3636.7032780366208,3450.8744877645404
1220,3738.8790223778,3820.5108808393634
1221,3940.3643451542853,3768.587372609591
1222,3779.2057029965067,3735.9276773865868
1223,3931.5448212187425,3863.897110581469
1224,3605.90124146454,3827.517573585864
1225,4024.5671312477757,3603.9171494522034
1226,3847.2132598199655,3893.3210255314048
1227,3817.6271346122894,3913.946495283962
1228,3867.1284257481193,3572.262174845854
1229,3743.994677132685,3676.2637828211145
1230,4082.848587493725,3983.660127262587
1231,3733.9348334389997,3911.5403608414726
1232,4331.782430411425,3729.873077324078
1233,4119.444365637879,3862.3043564615527
1234,3833.7496368346883,3889.3811201959275
1235,3543.3987007175933,3861.316670485531
1236,3969.648447434035,3667.4909873333563
1237,3856.7224978019794,3747.3688118642585
1238,4006.9557808404675,3921.6364494043555
1239,3845.411461959633,3905.8216615648716
