episode,last reward,average reward,step0,stephalfstep1,step2,step3,step10
-7.643065062743236,-7.643295134327582,-7.811688086794026,-7.899444298353689,-7.965043398735369,-8.466615374882187,
5,-108.08608409580224,-109.39501880733712,-7.614064091966158,-10.111698082433273,-9.736244268978117,-9.758123525040197,-10.086042607990601,-9.737098864423112,
10,-91.16448622975237,-97.94911653553363,-7.636521963324387,-10.336196735138538,-10.160286836908718,-10.196811199500985,-10.39999489454749,-9.901526087829573,
15,-114.963052184224,-87.42888928952814,-7.678393486150125,-9.869488271135271,-9.99999296863809,-9.9364612912202,-10.031218315429205,-10.099026253311349,
20,-81.9822555972868,-78.76015516227538,-7.982944222949219,-9.943612887520695,-9.96216924765497,-9.94399499151652,-9.982500827787357,-10.275491573383444,
25,-96.96182426014168,-69.6298637802442,-8.497977508617117,-10.4957233960236,-10.146302423673163,-10.010440872463292,-9.997857437572545,-10.187713051568124,
30,-57.009625252246174,-62.25981384317724,-8.254305580789127,-10.285497033339245,-10.234968206125327,-10.122417602592636,-10.323122132296335,-10.661267598903327,
35,-57.18339212542172,-56.99817125890997,-8.466527014194115,-10.56190504980037,-10.39066482088933,-10.475641836212603,-10.52450351327448,-10.75100485680868,
40,-44.18494881835288,-51.46698941982288,-8.245511326079567,-10.67067792595581,-10.599428466338905,-10.460978474366273,-10.677489851031757,-10.41970476248887,
45,-41.7790269602771,-47.23497383417815,-8.590641011363015,-10.341360845455739,-10.324301100608949,-10.417134567104121,-10.62793184885939,-10.862800396419349,
50,-45.27958013499431,-42.50407106912713,-8.528473697638733,-10.643365738698028,-10.68626632014764,-10.596311412464834,-10.623616889480994,-11.465147496920807,
55,-38.95870538381515,-39.02620697419347,-8.530273894993723,-10.789939776640317,-10.62373083047749,-10.664282221697738,-10.691954239208693,-11.105610953377395,
60,-41.70839889051053,-35.7900933663741,-8.463103726709564,-11.045599212276866,-10.641458952024921,-10.823952682084162,-10.98945264510696,-11.185069019563608,
65,-40.16454132322604,-32.59655982795746,-8.82103070763187,-11.019248110074837,-10.905477786298405,-10.892715703565035,-10.868223997206568,-11.204391478956152,
70,-36.65598107783391,-30.09784587999703,-8.199951213430769,-11.175497204441482,-11.219928446930634,-11.228079216804419,-11.112994799552304,-11.126006655688627,
75,-24.5964932234822,-28.235999545258263,-8.71939142602363,-11.138615894875153,-11.063365005474989,-11.026351200392131,-10.975442721703432,-11.554872279322252,
80,-31.32360842367785,-26.183305479549983,-8.888695500936414,-11.504313029951001,-11.076498762626905,-11.274035530335421,-11.140146392374417,-11.110407054214928,
85,-17.228042798496475,-24.017367043851856,-8.678759860268695,-11.4099455479056,-11.14473741103261,-11.251847315711917,-11.331718485630102,-11.349607521014725,
90,-17.80138988665252,-22.585701788009455,-8.565318204004507,-11.503610125928429,-11.628776731270642,-11.455516537592404,-11.627733447811334,-11.52195859628511,
95,-18.488012466388817,-21.249159728284717,-8.770010352756119,-11.017608154671562,-11.250286770271284,-10.9229481672363,-10.951044774613951,-11.461965669002884,
100,-27.259653398486314,-20.033258570854375,-8.11838902374874,-11.64699420934848,-11.997281540044577,-11.740896444673014,-11.46778496730014,-10.904479433410907,
105,-15.382712808189213,-19.009998894696,-8.679996313648564,-11.416955070174803,-11.208936521492863,-11.112100062540003,-11.199701497856163,-11.185746511223467,
110,-15.53974746275879,-17.705277342322493,-8.462577949231544,-11.065896838187571,-10.84485281127776,-10.855391801068798,-10.936499676336616,-11.556717573980922,
115,-20.799894933168527,-17.014531655465984,-9.038642650307246,-11.131492378492496,-10.903074377354006,-10.823793824287591,-11.063871076569786,-11.327588872826853,
120,-16.03803791361863,-16.43449715054662,-8.20729972882361,-11.316450463662798,-10.994348853246306,-11.02466674933961,-10.995314968879798,-11.228371919042539,
125,-22.410948704724145,-15.68064336260475,-8.242393273959037,-11.069415757870463,-11.237582726559793,-11.127266037874344,-11.235812105655175,-11.370865028761656,
130,-12.995278222014111,-14.745502153397197,-8.375562538958444,-10.898639671253811,-10.712626856199359,-10.827380869577151,-10.802204521285036,-11.209578978770928,
135,-14.40654425624084,-13.674658280047364,-8.767215312972223,-10.851965665185734,-10.644234370453496,-10.653817509743517,-10.67594397902491,-11.174456080434394,
140,-13.445677819296098,-13.428337429502937,-8.811835188703359,-10.8072454454472,-10.879471695263451,-10.762222365322963,-10.907928945492007,-11.66418162270794,
145,-14.29804546855949,-12.955103929722359,-8.233234217508283,-11.361053524497516,-11.070573655884012,-11.17907104547016,-11.311016997062572,-11.061973535819215,
150,-8.414165264170371,-12.167834235410453,-8.036943162099396,-11.345994265902354,-11.009951593421704,-11.113263310096825,-11.106334471228253,-11.843990154344482,
155,-10.642754457591764,-11.808524344026088,-8.627153667234298,-11.10791640170227,-11.115746545166779,-11.054854210514012,-11.07198881998484,-11.329906131664803,
160,-9.396695528732053,-11.208497288797656,-7.718227056989932,-11.15206566524805,-11.183503502888934,-11.504030754836059,-11.596123541940518,-11.407489959177704,
165,-7.2060480988347635,-10.712642058643906,-8.579292216874078,-10.949807523879276,-10.853258658578419,-11.00920462362977,-11.110823443181438,-12.005253748747737,
170,-8.956408091316623,-10.029863658315598,-8.19460727356477,-11.050669519395653,-11.155491814884495,-11.290296779978318,-11.19182460531315,-11.606154523744927,
175,-8.96679984265182,-10.015721690501294,-8.172511478526491,-11.399782031144136,-11.481399406929665,-11.67148720401644,-11.59859620549407,-11.672386068393804,
180,-8.64246151232157,-9.45909049475231,-7.821383304901232,-11.288082890813476,-10.770197694278583,-10.922764243462618,-10.877831369187168,-11.27668499631445,
185,-11.333292649090788,-9.165630063402757,-8.336836585483285,-11.562932792853507,-10.89393902330944,-10.860416898781573,-10.917382991707798,-11.363250415507892,
190,-8.973362889806788,-8.618620743663115,-8.713646359233953,-11.534783820405451,-11.541449129276138,-11.502949347043385,-11.405978445617503,-11.452884901730464,
195,-8.289604958006606,-8.090078588914798,-8.57949763011684,-11.006717576826416,-10.925592561820554,-11.250313817596394,-11.444708773359457,-11.317025836789972,
200,-6.711685409502695,-7.962521822935663,-7.6280564895111125,-11.188153764889394,-11.139340556252861,-11.248724485184178,-10.995811490377946,-10.976371526406027,
205,-7.523090413111383,-8.042281619231012,-8.244253442818442,-11.256919134625212,-10.929780890730633,-10.963077894466863,-11.00424740854154,-11.521559560539298,
210,-3.9925277587676717,-7.513513720898673,-8.01798874406244,-11.443300895768061,-11.331695084743151,-11.454597925140682,-11.544680945135724,-12.177812602911624,
215,-5.220763777196552,-7.45556187695979,-7.875152043489911,-11.27142165574285,-11.058947721126415,-11.208133093136396,-11.205496977964664,-11.815992523438993,
220,-10.510471893583052,-7.382224122176022,-8.256353058015623,-10.983006628351294,-10.727430846137043,-10.746920858006222,-10.917410441216587,-11.878838986892859,
225,-7.558135642851063,-7.069627975441801,-8.067551043800298,-11.08362602220088,-11.095073441165706,-11.274764885625569,-11.460672654008963,-11.468255639570216,
230,-8.763453009012215,-7.225342949834422,-7.81673343475025,-11.214706992358579,-11.190461802700593,-11.255870228579802,-11.334834311221975,-11.8091775973591,
235,-4.317643045277134,-6.556280798905281,-7.672711874245401,-10.839717294311116,-10.760835796038984,-10.951291252701266,-10.937706454372622,-11.426569205442823,
240,-7.362172151678195,-6.379860666696461,-7.6496681872735,-10.33847469430255,-10.609315565800635,-10.552147727702701,-10.50843752685678,-11.106532617536073,
245,-14.384825571204146,-6.321052301476381,-8.27465301368336,-10.831252597589419,-10.752544575388965,-10.7338964800658,-10.875568687315194,-11.552014765623374,
250,-7.085297971768063,-6.299759574121901,-8.00226491206823,-10.782497024627164,-10.772203236629563,-10.760288310218067,-10.859034986823346,-11.458503088921965,
255,-3.420102264643976,-5.995486628347031,-7.905457720275301,-11.178640533342612,-11.389430169726808,-11.600590811177328,-11.786506949974237,-11.859705365991422,
260,-13.459248420705658,-6.147797263886836,-8.23968904725304,-11.28318255095232,-11.235434444505161,-11.314469931748297,-11.26899081726423,-12.18248705286578,
265,-8.08952837709853,-6.062961115899206,-7.6964203792331025,-11.385750639802634,-11.516731367105816,-11.502917962513624,-11.60731526384904,-11.69659006000156,
270,-8.068693419519505,-5.855804834764498,-8.142605912358706,-10.92640871017759,-10.835623527634638,-10.857480660852087,-10.817988009876023,-10.993223689627655,
275,-6.037570725714106,-5.784905438011434,-7.896630101536501,-10.624780160179427,-10.537226690330588,-10.730453754797365,-10.86815575071453,-11.026480126546987,
280,-6.5615367475094,-5.778378542090999,-8.430070345064085,-11.035765323665558,-10.94256392951409,-10.967282023529242,-11.242921592236572,-11.91468911269684,
285,-9.154143087570242,-5.662268850811306,-8.289351915263511,-10.399507144949125,-10.428037268521514,-10.554966623926028,-10.676989264489551,-11.13261940178556,
290,-10.896252902831444,-5.707196822303031,-8.541112335351405,-10.756563148098829,-10.538220831952808,-10.772000041053056,-10.901938598843808,-11.36011824052755,
295,-7.817571904918051,-5.78894249940393,-8.111150291153802,-10.850002444296214,-10.63092380063523,-10.983839866256538,-11.088895628345947,-12.124626993896888,
300,-2.9942899422221085,-5.942556584162758,-7.99369454544074,-11.135531983424787,-11.382345673604847,-11.477484340225605,-11.372526520845282,-11.889861983056042,
305,-5.380036831679508,-5.636016235884719,-8.308643594808172,-11.076368440499602,-11.06862875604442,-10.999684188583968,-11.078520723088236,-11.739998485612118,
310,-4.222414154277315,-5.534925178337705,-7.8661570182362945,-10.346593284087708,-10.567666478988262,-10.787681464575188,-10.835961210585465,-11.528824121243966,
315,-6.919712116195392,-5.499358184133708,-7.704021314626835,-11.04351654478901,-10.835873420349381,-11.084831149110583,-11.24717172613778,-11.151909455925276,
320,-3.5082035830903804,-5.217645336770978,-8.258254738729777,-10.712813575777375,-10.85731835532892,-11.152938415710153,-11.221828920912722,-11.794302339123949,
325,-5.480731565236841,-5.455388903818444,-8.427982084897177,-11.544126574633614,-11.172743328723893,-11.313905690713835,-11.5510622378314,-12.07474664378738,
330,-6.8056063724482305,-5.340262641908226,-7.939429675541115,-11.514856978874148,-10.989403041586634,-11.219066903805755,-11.380088242878623,-12.017356280499525,
335,-6.742952147773591,-5.359670468834044,-7.798719353443622,-11.443931532040462,-11.322697221086386,-11.335597456439148,-11.247780919403453,-11.789978097107062,
340,-4.4637521237724895,-5.30973125531902,-7.731180736687747,-10.63738452502699,-10.685253923626878,-10.732618335724768,-11.02936511501773,-11.331593919849261,
345,-6.1104144420166255,-5.3715769154172985,-8.206270692292753,-11.123330091204592,-11.171367157271524,-11.463303448176262,-11.664756941626282,-12.092873615715426,
350,-4.411717250042338,-5.317887272563556,-8.260383409674258,-10.959965246878337,-10.836558565543095,-11.139631870136064,-11.234674330755093,-11.930692784585682,
355,-2.0293844514527857,-5.263408088064159,-7.477113101838136,-11.324719802130348,-11.130282412562893,-11.298180178906627,-11.467926197846246,-12.072626761073181,
360,-4.494453069952039,-5.299669610380722,-7.411494482484236,-11.569431850761706,-11.373643387217708,-11.806507297496324,-11.96787880462134,-11.895246937174067,
365,-5.485124021314705,-5.1736095827965976,-7.97076700442473,-11.060375947577628,-11.235369566652476,-11.231823201331038,-11.247973864583125,-12.131683630150754,
370,-5.348294316938649,-4.964267182446709,-8.0091833498281,-11.62402860443402,-11.558839264214782,-11.68129654121237,-11.686868277598913,-11.714651554394159,
375,-3.6498180859880556,-5.2450085760225225,-7.162320592235492,-11.034712828612022,-10.741008690078665,-10.934052443545145,-11.164421719715707,-11.814317472888877,
380,-3.1721289846538236,-5.204502661474566,-8.085067144041854,-11.398474674136667,-11.452299637209169,-11.679652021011671,-11.70190742522774,-11.628791464269044,
385,-2.6521557515500542,-5.20076434117263,-7.551516484859062,-11.451150240938297,-11.183167915493136,-11.397534579910044,-11.504823615045751,-11.969922425228567,
390,-7.2726767034958835,-5.028867613328511,-7.489729264742403,-10.865462098029145,-10.742240958979606,-10.970659258255818,-10.941271420670471,-11.880192512604347,
395,-1.8127795392951183,-5.152271118761996,-7.6141083827761955,-11.51803361911617,-11.440079638417712,-11.736977292121054,-11.947232928804533,-12.2795454772817,
400,-4.678924798123441,-4.950563062907125,-7.476233221023597,-11.029338715760193,-11.136040556332667,-11.055592104484385,-11.118303199795658,-11.406667755808707,
405,-8.435638873488486,-5.111803354201866,-7.916742592448159,-11.291112758297151,-11.135716496505266,-11.384090631548982,-11.483928555606694,-12.387629603498498,
410,-6.173032216012836,-4.978494376895681,-7.794920867206817,-11.811362963844143,-11.585580882559222,-11.99779044315401,-12.133850860284022,-12.278275849587489,
415,-9.068654814775238,-4.922814814989189,-7.449928107437466,-11.643791046611573,-11.524542723338227,-11.653919634631531,-11.754106316642547,-12.180437345641572,
420,-6.35464074627868,-5.1452628757385055,-7.9137934336886655,-11.458777052122775,-11.44049007415167,-11.748863273484968,-11.812538248210778,-12.278758439989044,
425,-5.397906219935997,-4.92473519501936,-8.403797366229238,-10.972660492594896,-10.685593527933593,-10.934254076755808,-11.183337293231894,-12.006135849191924,
430,-2.7471112607619745,-5.1791266221156995,-8.336005643937224,-11.44884015129458,-11.392198820776427,-11.51196204040864,-11.778695956738472,-12.05131917629295,
435,-5.218244460428055,-4.981700134023099,-7.637859043950778,-11.3520159608098,-11.767348485160769,-11.824824307460316,-11.879931144636897,-12.095529737535669,
440,-3.401188989442338,-4.8657920983332215,-7.535178956667639,-11.581775230444295,-11.771248487452342,-11.898809178876217,-11.840366273099072,-11.8993264678207,
445,-4.973539652790751,-4.739407751224665,-7.633019511118303,-11.030991344546429,-10.983135498290883,-11.189063118110697,-11.455917622605604,-12.41108904452915,
450,-6.076578635232125,-5.209240462536309,-7.800889759545304,-11.960897884102193,-11.736286057626298,-11.761912240241598,-11.941041016735765,-12.443492183920604,
455,-6.614781651685548,-5.048464647869396,-8.160032021025286,-12.092337959565686,-11.966609273044414,-12.239705127921003,-12.452942061711997,-12.526369689121351,
460,-12.102573937436272,-5.062461603598439,-7.952959431735767,-11.252672393327886,-11.352666039949227,-11.562060818378496,-11.74893971937363,-11.968056598772977,
465,-4.317030574730989,-4.889676370844585,-7.651074533091791,-11.632693678210018,-11.495659472744176,-11.624085461725835,-11.515964683395067,-11.941052104567797,
470,-5.903045679094564,-4.8595082600877,-6.942025612222217,-12.019097879023956,-11.402024983439478,-11.579484227599565,-11.908385882917107,-12.126573987451891,
475,-4.700425292929424,-4.699826098819659,-7.066698461140881,-11.723965339910391,-11.229296597937056,-11.238395308664932,-11.339710730292143,-12.065454684752149,
480,-5.196133965195393,-4.724758464599924,-7.68979295108571,-11.357288704066368,-11.27471495888306,-11.34960436829606,-11.44065846213477,-12.251340252843276,
485,-8.291281330359688,-4.808166715076972,-7.5750468412849585,-11.329697789128799,-11.374325539148641,-11.466717392545846,-11.811424609878532,-11.680151509969798,
490,-4.747321227283917,-4.753985543494247,-7.684951266493287,-11.73065029766724,-11.822119008737452,-11.812838858178049,-11.802158640599133,-12.078123173740414,
495,-4.199117710431257,-4.824528052662362,-7.5017673608404625,-11.782033463622064,-11.411246444141916,-11.566923046067943,-11.495122465469668,-11.929929912656677,
500,-3.402299623527864,-4.580082076883033,-8.38947851764916,-11.776551572316114,-11.484378838967116,-11.626945731950624,-11.846949721650994,-12.378858723812906,
505,-7.978157780879923,-4.811792109352811,-7.041366064294316,-11.272141957184703,-11.375611437529901,-11.44427330156717,-11.538327251774366,-12.280293127014462,
510,-4.094189733763044,-4.557948955025761,-7.9726690796277335,-11.4614673619393,-11.49127077000365,-11.637491275784386,-11.695806263350057,-11.846960519963735,
515,-3.264207984799997,-4.772392557850899,-7.686927835087889,-11.404186891632687,-11.072148711995363,-11.323269164558292,-11.424910531818833,-12.540548159724963,
520,-3.1095922288110804,-4.409795089799563,-6.8815158518497475,-11.776026321031,-11.569131251410717,-11.837132460595335,-11.855832579350077,-12.894225805968365,
525,-5.351112218159383,-4.674135021093009,-7.507686438113656,-11.409369993680517,-11.179815377844857,-11.446106447528868,-11.790667297636338,-12.238147138790312,
530,-2.6156311767803713,-4.540262135817155,-7.185279015155053,-11.745402111501656,-11.310981351862589,-11.159252032008265,-11.272449687462101,-12.296838005076008,
535,-4.668080075717302,-4.6275106931201675,-7.914186415643705,-11.633908643043865,-11.202270966940715,-11.294671029086118,-11.500167937609318,-12.264365505089533,
540,-4.881835168234308,-4.753028916507819,-7.879058927833436,-10.916457474891,-10.949269210552034,-11.045211955427092,-11.287604077705975,-11.982045428828139,
545,-3.9209548205440243,-4.600744325566869,-7.7873797933680144,-11.238933942731023,-11.056153158391337,-10.950109318503204,-11.087870381803317,-11.768896459664035,
550,-6.754631189219293,-4.725774251635402,-7.429890136048453,-11.91695744305269,-12.010678573429114,-11.942445186136046,-12.194592132022473,-11.730421871586245,
555,-3.6156881093670354,-4.736816568317496,-8.315022044696413,-11.83568378977277,-11.664721455719883,-11.778168593290665,-11.635819302034646,-12.495198111694902,
560,-5.46506593834472,-4.746451635258224,-7.236288411827755,-11.217963833973835,-11.035253624652263,-11.310579574640302,-11.632734410371766,-12.410189667435047,
565,-5.965875548858723,-4.526617285406434,-7.6164730024900935,-11.832840866940613,-11.691700533375036,-11.660421861292932,-11.662929833771633,-12.151733344157117,
570,-2.4130908177143837,-4.621927701632037,-7.660504512497284,-11.42018544801568,-11.452678141049127,-11.613383701844585,-11.646895025668362,-11.84955179505648,
575,-4.895438426380637,-4.430255745539105,-7.391951194198109,-11.497698184847135,-11.560381555914642,-11.605085138147466,-11.714492766651246,-12.678170515077158,
580,-6.218505959228692,-4.678143109041335,-7.6721038563221775,-10.963388425514522,-11.053622147264965,-11.374227298864264,-11.3958282636418,-12.54174140554975,
585,-5.6858907205963956,-4.5673101427061376,-7.8532176880594,-11.417013771705353,-11.500242126822334,-11.609962945483671,-11.580677979861377,-12.360508202067207,
590,-6.3785738723686,-4.536522095099409,-7.7572609699319885,-11.174836646228847,-11.266003669492818,-11.420801936960247,-11.494500215596952,-12.082342541990563,
595,-3.420000945537884,-4.53132209805082,-7.427549974565859,-11.479245896850355,-11.47322087140915,-11.576257751511458,-11.69987088680674,-12.262763199407468,
600,-4.86552184174022,-4.285935407323862,-7.835553155344155,-11.837040006422228,-11.523605340568416,-11.785764821644099,-11.955367028023963,-12.315379980633042,
605,-4.947926096186782,-4.589580559555352,-7.883144510507745,-11.777280418241858,-11.467637582588385,-11.823260046621787,-11.83104805632791,-12.089245338684524,
610,-5.624686753088951,-4.436365813685789,-7.668724383543381,-11.392163587027355,-11.417860282825348,-11.739132203406578,-11.899627037003404,-12.22247874960869,
615,-4.5434382937057025,-4.448053080869119,-6.924559492355214,-11.304301045873608,-11.38565607415195,-11.526648383361692,-11.404893011654055,-11.534886718416407,
620,-6.654557814374403,-4.443238990622737,-7.7080293358697,-11.302012251653597,-11.343912545139569,-11.586782235953011,-11.588715013342888,-12.384027069882984,
625,-1.5361615258800236,-4.48731718485332,-7.864783464372123,-11.72152141021182,-11.910316501868468,-12.06624919611172,-12.306798990158432,-12.509041256803236,
630,-5.175505410157498,-4.289583216772966,-6.699955778721897,-11.758904472794658,-11.403352321587054,-11.526361770554757,-11.626202807623827,-12.505444833371994,
635,-3.4894981501230777,-4.506875669061902,-7.541103655868772,-11.636995984313327,-11.7829322919777,-11.688164891013173,-11.734893023181852,-12.32587074675629,
640,-5.305643170087618,-4.554040109307594,-7.841002593340214,-11.29352747825805,-10.993581097306976,-11.02748605757302,-11.272731484210091,-12.215147161436716,
645,-4.125713614191548,-4.512000424973353,-6.974216966061471,-11.549900093532697,-11.243924216375323,-11.339908105168103,-11.521689015144462,-11.988307797510943,
650,-3.660583780551402,-4.47271470303315,-7.798782172293705,-11.36957382257425,-11.303502286029557,-11.451463546238752,-11.426558624235895,-12.080003083289476,
655,-4.2616315034441135,-4.430206178887954,-7.0329639209674655,-11.775086226928286,-11.827594169808819,-11.845038119756344,-11.779658677946996,-12.311221441729575,
660,-5.521864874046054,-4.301848225050068,-7.455591459419129,-12.125308333656742,-11.57264396032626,-11.619708320719386,-11.740624310336035,-12.201310314180828,
665,-6.64939256694326,-4.417969019292545,-7.5504063803552555,-11.069910593006037,-11.00914830574692,-11.185155392295814,-11.436327451074497,-11.502916760212146,
670,-2.756499062245951,-4.498855793692753,-7.109405081296434,-11.345464439899821,-11.296592009011519,-11.601326244660838,-11.660842630504483,-12.065146217557968,
675,-2.95443075359062,-4.549728417275954,-7.612785497405949,-11.62276552223885,-11.242746837336156,-11.353027478495255,-11.471639244765012,-12.16116432055909,
680,-3.9810865381086886,-4.50579267440332,-7.797463791267207,-11.595853560316009,-11.194779731240333,-11.275465722394303,-11.292631995694112,-11.977317931380687,
685,-6.142934902655971,-4.323700560210604,-7.581057961363668,-11.758298335901992,-11.772545784142265,-11.95366442757805,-12.14748682245655,-12.308810171271837,
690,-6.344631822389807,-4.327731672129169,-7.565242791091241,-11.730221386205216,-11.864509782113965,-12.038748332294412,-12.176841617115482,-12.351061535392304,
695,-3.0988828223213543,-4.52316698732163,-6.960333614030019,-11.751187141127794,-11.635387206240706,-11.719541227315673,-12.051900606630875,-12.462913165765599,
700,-4.859755155855927,-4.537692042975484,-7.321804252755763,-11.307781462572693,-11.147748524256139,-11.292313139634649,-11.41820507681336,-12.298244773632605,
705,-1.8002059731642819,-4.3636216657869795,-7.794871106472219,-12.01115996946682,-11.94076294667,-12.06519456466114,-12.05280325436834,-12.375942197090707,
710,-3.824513708455604,-4.418082525783855,-8.107226854742605,-11.781484011888681,-11.333016916508807,-11.434569331279592,-11.580528072533324,-12.368636957935898,
715,-3.25610982050044,-4.517219533723127,-7.63089161277567,-11.524198206375178,-11.651650783033078,-11.64532255467823,-11.691718446331837,-11.866454031985072,
720,-6.385884455026517,-4.322651902895468,-6.921098721477541,-11.049713680063165,-10.771798750461336,-10.969555609308955,-11.262939093900602,-12.265681670667455,
725,-4.485507369618728,-4.463628637014035,-7.096774598356354,-11.238374365691794,-11.240668756976525,-11.440018908519072,-11.625801004543161,-12.333275109304248,
730,-6.658512256221494,-4.5520731385931965,-7.223170688676445,-11.849194212240592,-11.762584691330835,-11.9645545032827,-12.076345468062817,-12.19401102930657,
735,-1.550259096152266,-4.342035098933545,-7.584825012265284,-11.781371871377688,-11.58748801744494,-11.645222018583206,-11.703957937685148,-12.22490500861305,
740,-1.9613067671177282,-4.629834490805491,-7.255257408429972,-11.583578456136417,-11.717290452188882,-11.671217162468274,-11.768055176463601,-12.266791337161948,
745,-5.241755834688671,-4.4628511598553695,-7.487960931315406,-11.009655192136186,-10.76084886705777,-10.938981945775486,-10.973414668689324,-12.17291848412903,
750,-5.906944488818969,-4.3113131899219495,-7.815487295683134,-12.081908939769068,-11.858849868880384,-11.868799562397571,-12.037171903425584,-12.060845540298219,
755,-6.102785499994582,-4.4218195150065025,-6.735894823825772,-11.834565184460562,-11.461480035643355,-11.520647587886938,-11.512524552154852,-11.915989591895698,
760,-2.6846187325668334,-4.3337264375515545,-7.591381011632074,-12.071011969715487,-11.809461954527256,-12.081368815984273,-12.123539001500973,-12.319809179758783,
765,-7.2566209373141595,-4.236648176815688,-7.240790497543171,-11.582786037622748,-11.277928856377994,-11.511946360655049,-11.62217216835942,-12.291571376818487,
770,-5.616307871665172,-4.301270744137198,-7.115235254226112,-11.44219810498312,-11.487983817594229,-11.701534744004485,-11.750978848805323,-12.211206082275861,
775,-4.232820983158476,-4.451460173524181,-8.21300022642665,-11.884486915099904,-11.58831543272854,-11.780256666369935,-11.827124165363422,-12.66347333281413,
780,-5.367670499139427,-4.254254741765993,-7.186315638612123,-11.638753128792263,-11.520345767629198,-11.550820730470367,-11.671222163329185,-12.774943940008146,
785,-3.658214332554784,-4.258807268370261,-7.6501061319737484,-12.361758093786976,-12.12608253873964,-12.251709480718226,-12.357154924945421,-12.694152991877196,
790,-5.194979138114214,-4.286175008926514,-7.5621776732280495,-11.062560892266477,-11.216740237259584,-11.45466912335668,-11.68501823959572,-11.90112884936702,
795,-4.002148476759625,-4.328120243369205,-7.410694666286836,-11.187182093772769,-11.155643522958423,-11.474651045566558,-11.65733844976257,-12.226422962845957,
800,-1.2347748576049338,-4.427626017729006,-7.133372024118513,-11.481755209922833,-11.512570724571658,-11.630451127906737,-11.736138109386243,-12.247105182074757,
805,-3.621154452754829,-4.505086597623364,-7.671065200914297,-12.332829667419059,-11.706189239706983,-11.855886645224464,-11.942471329577556,-12.034801592537013,
810,-7.334957243293648,-4.151748975181352,-6.685527494582653,-11.325410440136046,-11.329049553852926,-11.605125057109799,-11.61928975684746,-12.470235275528333,
815,-4.0627391152376315,-4.50475734406901,-7.084433662007348,-11.653045367339102,-11.31240800052681,-11.435868449799727,-11.459481195657428,-12.182951978393003,
820,-2.225293001992177,-4.30942560193842,-7.574790345178587,-11.857833153869358,-11.331838555980859,-11.399917634276434,-11.525229311044232,-12.541590160545203,
825,-4.968163332523331,-4.228033546531612,-7.424877030525631,-11.964463669964594,-11.937953708740322,-12.028843643313147,-11.975069209418484,-12.372616473148168,
830,-3.6990709035662195,-4.434988305479162,-7.304657088290338,-11.50862301642315,-11.443642753589334,-11.648925321727525,-11.816501733242031,-11.886239898919412,
835,-6.655756939692935,-4.244644933036745,-7.834151511664646,-11.199595975748839,-11.269881549582497,-11.279651576108359,-11.318042784771771,-11.995885780541286,
840,-2.783068127206215,-4.310771526468791,-6.548918614305799,-10.766765969033356,-10.870870939370999,-11.065209783597616,-11.204538458536328,-12.29459223979028,
845,-3.3406538440239912,-4.328604781286566,-7.1008851556037484,-11.480928403055355,-11.71145715560837,-11.820787698164564,-11.912064081405195,-12.300481962096345,
850,-4.715047107253922,-4.195913899341584,-7.552816926859904,-11.501856829518596,-11.120158360022899,-11.25856262270552,-11.530366066331801,-12.266390467935791,
855,-1.4784758370840776,-4.500156315914447,-7.046424817372654,-11.967576292448204,-11.688267105918264,-11.963489358235947,-12.144484349336432,-12.162944047812458,
860,-6.062999498487209,-4.206215906813191,-7.139349433144552,-11.491109293435484,-11.616803028690777,-11.83381919263421,-11.789073211887633,-12.589894557569641,
865,-2.100571864692421,-4.224337948572285,-7.128998504231897,-11.748246319115532,-11.681550949823288,-11.691473411697558,-11.755677874582771,-12.577630810399157,
870,-6.487943700546948,-4.048025681042005,-6.850409016464701,-11.329194532544562,-11.27916163641042,-11.457780526584708,-11.56043233169701,-12.506962937440981,
875,-5.096237554928297,-4.126168214901671,-7.268721140018043,-11.859062327300975,-11.484792259816443,-11.67816662611118,-11.755400520136801,-12.107409194594629,
880,-4.312441861671243,-4.391099553263855,-7.107400462957486,-11.217960340656965,-11.193449359287325,-11.167939371564492,-11.248958405056035,-11.943338452230249,
885,-1.5283468978618557,-4.336022974948689,-7.261822479570759,-11.886602517732795,-11.575820679800234,-11.641817550940026,-11.696179018029248,-12.260238169842333,
890,-2.748482289648543,-4.260497451179881,-6.880209034699743,-11.277464599066901,-11.363392028841838,-11.596391856132112,-11.851876923865225,-12.474482221385317,
895,-2.287411473704414,-4.340298302886862,-7.827696335324665,-11.690586315418724,-11.291373119049451,-11.338508426477008,-11.486451303533165,-13.127454585516295,
900,-3.9945683128216,-4.312671939890001,-7.2987459463162905,-11.408243966315805,-11.252909091106153,-11.381790082996526,-11.52047731456462,-12.380139902880483,
905,-4.384977133172287,-4.188880152162032,-6.959456889909908,-11.979191156499905,-11.803324518678895,-11.797137224837904,-12.04976230306126,-11.766745666791657,
910,-3.3955095183039123,-4.190872333934766,-7.068059937717449,-10.918611142824828,-11.058596716150559,-11.192659333559392,-11.273501576273715,-11.932743836677647,
915,-5.29126414035495,-4.24559439553113,-7.890596851115877,-12.0165017942095,-11.949993053139277,-12.193800890124239,-12.30407164398036,-12.819594787671791,
920,-2.465113062493576,-4.281972545034975,-7.328963876922315,-11.58658573504437,-11.493925201276516,-11.532347185669853,-11.740099412606016,-12.355168185557481,
925,-2.051574478199877,-4.284941830615905,-7.207478945278491,-11.632055090987667,-11.45363551120198,-11.569061976221974,-11.796778802460272,-12.211857741740465,
930,-5.5806389454439325,-4.093339377426962,-7.0383313211576635,-11.762966187455474,-11.740315453318669,-11.7826551979138,-11.869923066214502,-12.14359125340014,
935,-2.8034661836363544,-4.192367562849718,-7.5324370036757164,-11.335952273329887,-11.171453227702276,-11.210500786321465,-11.303380067621235,-11.652306961022443,
940,-1.8049329607476796,-4.270549861591675,-6.934047921442532,-11.29612315167963,-11.181356154321684,-11.325824264883346,-11.371439755500448,-12.64843154874325,
945,-2.4301278317551174,-4.194156872828328,-7.213932032518967,-11.665741790692817,-11.756527447054253,-12.017195978781197,-12.047487572859598,-11.910758362900438,
950,-3.443913499220767,-4.1206572156941315,-7.375834406375341,-11.117886285386268,-11.163895497377188,-11.289555721909469,-11.277352548815427,-12.135872500033388,
955,-3.8043721289868246,-4.386148470502288,-7.085384678378825,-11.216664250407343,-11.241838440021791,-11.344317923570117,-11.522751969776067,-12.346740281263774,
960,-4.212336854145388,-4.0944326794402945,-7.679387105471334,-11.709225886997986,-11.57291623477288,-11.791825489481475,-11.803826105994824,-12.445907868364412,
965,-6.31473007518154,-4.186190800728946,-7.09571358822996,-11.59146773222463,-11.44577087106187,-11.451819759677843,-11.441969541661855,-11.617704074359805,
970,-4.723784403174982,-4.265653209834799,-7.074123458170172,-11.767506485738485,-11.46652815370007,-11.549006602906736,-11.656589592272965,-11.993847524173493,
975,-6.281797275643789,-4.415883754257911,-6.965945409909492,-11.704951925572566,-11.619901495786747,-11.575850908376667,-11.67637179354477,-12.15195954888379,
980,-5.381936161413405,-4.253386332709898,-7.1309538821252705,-11.474428634668742,-11.563429890090676,-11.59609975582595,-11.736423981683568,-11.90846599343613,
985,-6.914890228491684,-4.2421494469153975,-7.30606973801802,-10.99805175136517,-11.205512454811096,-11.361937463590467,-11.515376618553022,-11.89937132685454,
990,-6.577910817438686,-4.199530312639836,-6.916970230919202,-11.057652160483078,-10.81642831979626,-11.0355642636036,-11.226458829253797,-12.133364986816904,
995,-5.751669240899832,-4.225713085628321,-7.282682573437175,-11.288095087202512,-11.268970725852446,-11.268768479513094,-11.476121884620365,-12.58743288502743,
1000,-2.3741802859144077,-4.066451083809005,-7.46604874956134,-11.793288254721737,-11.437904290864283,-11.632039415216639,-11.712566372596772,-12.23388226470976,
1005,-5.232076259073089,-4.287060440600517,-7.099986403399714,-11.16601220154835,-11.295455407974147,-11.277658072847794,-11.475860075996101,-11.65340446173249,
1010,-1.7314605953429876,-4.287306614973165,-7.088473590296644,-11.445346058423214,-11.50084383133759,-11.433898686062676,-11.413724415105989,-11.631640811972996,
1015,-3.256042441146507,-4.2950586942972935,-7.493580393823867,-11.364432647648952,-11.470200817261901,-11.677611097403345,-11.81369291675341,-12.11312428112332,
1020,-1.0770450281420838,-4.225059377669382,-7.149191787441201,-11.314718545045801,-11.401252461989774,-11.394468498825649,-11.501295520658148,-11.778941815292946,
1025,-4.570629808301135,-4.229710897616803,-7.40647782010901,-11.083013498830558,-11.147101682633611,-11.277957955779586,-11.546376527200097,-12.189514829988177,
1030,-2.6249066051415797,-4.148393938489849,-7.030594565428435,-11.63545273673175,-11.620715171174892,-11.537786688232599,-11.688551521528787,-11.910493768877087,
1035,-1.9613672274155989,-4.399245581068125,-6.860865523940742,-11.494952490696328,-11.71638087470513,-11.664771367763327,-11.759518262664084,-12.451614169382038,
1040,-2.764987057491007,-4.183838119701357,-6.999409277946873,-10.625684454884272,-10.476909199009746,-10.520898880198878,-10.57048910937479,-11.79835177151237,
1045,-3.1668620558275498,-4.4338205696098125,-7.736425485749845,-11.876376131476585,-11.515938785283588,-11.617527879181937,-11.713676422645042,-11.889704747694752,
1050,-4.941759174949018,-4.4343692237882095,-7.154164195202615,-11.574983077829568,-11.509930580968998,-11.739456338198387,-11.987721870070919,-12.22303447583898,
1055,-2.5965628607694873,-4.225174500694281,-6.60011901452713,-11.231708579328025,-11.137732434895318,-11.374818628915435,-11.592927256848709,-12.424389184906149,
1060,-4.364848534056804,-4.249472393417655,-7.141148202896302,-11.233569706779791,-11.27318558845859,-11.28216363941943,-11.289578758227995,-12.487357882180099,
1065,-5.207589069373191,-4.231993752683862,-7.006177008959177,-11.522697035628195,-11.602023868123625,-11.602370203949402,-11.646461124969534,-12.44442921734189,
1070,-4.554955582816747,-4.200959247944104,-6.872468728479177,-11.819593472550308,-11.68772518324584,-11.638174008745779,-11.70508745344645,-12.01951064218553,
1075,-8.125181348484606,-4.294941311474302,-7.200179667783073,-11.616477263625784,-11.398008393770287,-11.745593062600083,-11.91138735423139,-12.382172508978009,
1080,-2.5639840480760863,-4.164621692086504,-7.768489472581667,-11.791613123898914,-11.608741768367874,-11.593308250117916,-11.442078992829536,-11.969245715511585,
1085,-6.8961483753661,-4.078373041973323,-7.059541619778451,-11.290508089675349,-11.464006109167675,-11.919931338412713,-12.188385080779204,-12.446017794886219,
1090,-1.7060034061197524,-4.2535808939150295,-7.318223757071138,-11.434368419832062,-11.807337242745191,-11.637726765397343,-11.57380619619677,-11.531468814855913,
1095,-2.21292214673117,-4.116038994752951,-7.064832938270653,-11.092275077839856,-10.782109802485806,-10.938481762081825,-11.212182873533388,-12.333861266805034,
1100,-3.21381207992226,-4.124750529205208,-6.497075432974252,-11.520924366554706,-11.408119678410914,-11.412906250846014,-11.392021374984973,-12.2450737963713,
1105,-4.574739258143744,-4.095402753397299,-7.689634613821283,-11.400920334951705,-11.390684127307434,-11.421552553079776,-11.438055198456862,-12.076670580343608,
1110,-3.844648007648155,-4.186894741963871,-6.884074594770571,-10.990663748533246,-10.843410276764946,-11.028687815306679,-11.165567985764058,-12.12121479981832,
1115,-2.0979063273672836,-4.1448030061979555,-7.596392418297881,-11.497806298437274,-11.525228491839021,-11.698364238919876,-12.057738829024528,-12.11112575886848,
1120,-6.032256193628176,-4.100729534321908,-7.256362115516437,-11.012253705669123,-11.03642721424335,-11.211009961107335,-11.330025793959418,-11.731205692946961,
1125,-4.664821695004957,-4.141495694204666,