episode,last reward,average reward,step0,step1,step2,step3,step10,qmodel,qemodel
-8.698079343417552,-8.785169671521087,-8.853450860593776,-8.925829379007581,-9.428885505654947,-8.698222987562838,-8.698222987562838,
1,-625.0054652743671,-637.7624139662133,-9.182983324227765,-8.535340951188042,-9.035108501379773,-9.211586350568835,-9.883060513140524,-8.332387148989582,-8.332387148989582,
2,-500.48445022024043,-594.4384591260293,-9.115194972346794,-9.106337535806858,-9.21857826299235,-9.299802744023603,-9.912541240597974,-8.881627834259325,-8.881627834259325,
3,-606.7088477795609,-603.2497712797505,-9.128443865179735,-9.117964236507715,-9.180443330130608,-9.260680835665646,-9.818507405964377,-8.837799621880995,-8.837799621880995,
4,-536.1104978798996,-533.6541020924005,-9.115802524730524,-8.693271729387789,-9.231225763043632,-9.284204203821883,-9.973403221756005,-8.718890942985581,-8.718890942985581,
5,-543.0334562324708,-560.6380989793192,-9.214431953016888,-8.692536817198583,-9.209377070325045,-9.391744532019862,-9.92615858868378,-8.948629567697603,-8.948629567697603,
6,-553.6806872744899,-524.1962890839493,-9.187694599122526,-8.863861332370153,-9.120335220135608,-9.28493481500054,-9.830409501127903,-8.860539858396079,-8.860539858396079,
7,-501.8532193730319,-474.49509572367026,-9.217887140697703,-8.4882688466233,-9.217468962206757,-9.527631222622885,-10.031801986251091,-8.977478400750396,-8.977478400750396,
8,-396.64342535921213,-479.354763465361,-9.136163965211951,-8.80300933601009,-9.244188983436123,-9.418825566612753,-9.976098358316861,-8.965524161296308,-8.965524161296308,
9,-685.9581507320764,-465.8221078721443,-9.260611842608366,-9.211198851076457,-9.320583074485484,-9.3908784913237,-10.000679323176472,-8.807114002430898,-8.807114002430898,
10,-448.6264955792986,-444.43524625537276,-9.258975453896518,-9.245020555182277,-9.231052859065144,-9.433321408407876,-10.039945742330241,-8.950188392488633,-8.950188392488633,
11,-466.25016153313925,-440.6344455412327,-9.401621779261033,-9.265680059773764,-9.452479859732637,-9.47952821648061,-9.994750262245931,-9.144618536176946,-9.144618536176946,
12,-465.24688486035456,-421.99767244106226,-9.163729436381,-9.130927257921403,-9.256721165998078,-9.400062418587568,-9.859565052041214,-8.960763062241542,-8.960763062241542,
13,-390.200010921442,-386.85349092457005,-9.400417074426827,-9.370852555191853,-9.387977884385311,-9.5109202345223,-10.097604176373926,-9.14142334514532,-9.14142334514532,
14,-642.6761921905367,-411.1852536025643,-9.286104225052517,-9.213262308566938,-9.379199920122044,-9.457720889871968,-9.869424805864599,-9.020247777851623,-9.020247777851623,
15,-441.1424074488548,-373.6441890002441,-9.341796312231596,-9.370909309886146,-9.391880472523974,-9.424803506612156,-10.090232181237312,-9.164212554969355,-9.164212554969355,
16,-262.84950430505137,-340.080703906774,-9.257511276205815,-8.982749320185267,-9.164051909452615,-9.46888677903171,-9.966128349755504,-9.013697671180779,-9.013697671180779,
17,-388.45696095196865,-372.8344989255291,-9.241859356457562,-9.148686899557534,-9.281599712732612,-9.402773370569554,-9.924456257199397,-9.031756533684296,-9.031756533684296,
18,-308.9431973209847,-331.8978370522242,-9.244746706659045,-8.675990989054387,-9.054058916815478,-9.114492980077811,-9.907521215967984,-9.134832158889981,-9.134832158889981,
19,-305.6694923045053,-320.4153155378708,-9.20728819231902,-9.169647788954618,-9.266622487008338,-9.335257033437188,-9.80483359022456,-9.059717563323993,-9.059717563323993,
20,-404.4298130084401,-330.9086164744644,-8.976625364536776,-9.031286519077165,-9.112231697476068,-9.1651580076617,-9.755235213157201,-8.877121882432638,-8.877121882432638,
21,-189.35860221238752,-274.12543068913624,-9.066767579503049,-8.89459758980213,-9.103469272435772,-9.245857534595599,-9.827324520914717,-8.91618521988956,-8.91618521988956,
22,-200.68898895123078,-249.8109844459106,-9.065724144050606,-8.541030180252562,-8.913555318858133,-9.22392200785028,-9.852920571348744,-8.97082756419795,-8.97082756419795,
23,-231.34136903134547,-286.9827130751046,-8.948919297509761,-8.490893152531715,-8.922191412326695,-9.004884850507198,-9.687587074341442,-8.844408147813962,-8.844408147813962,
24,-371.5893010064207,-285.7294294820741,-8.981405410842026,-8.433468742069506,-8.875127896368419,-8.994077580456649,-9.827206859554927,-8.86791833686706,-8.86791833686706,
25,-293.6943951199219,-255.30831181866975,-8.845668658949272,-8.707533831990016,-8.857344493718431,-9.103591616450833,-9.587547798579692,-8.734093690284517,-8.734093690284517,
26,-191.89122289305084,-200.2649685771429,-9.0459524923649,-9.026770212376341,-9.10114147076234,-9.356506272372489,-9.902529011467252,-8.975421075957923,-8.975421075957923,
27,-208.8303420133604,-157.17796400880772,-9.111178448664388,-8.649969302285815,-8.948517831516613,-9.227450998647942,-9.806373545990276,-9.065606233861462,-9.065606233861462,
28,-64.15420529745064,-160.7798782410031,-8.878306943887278,-8.13316891673319,-8.221918211786061,-8.499870538128917,-9.686110633060839,-8.83777025867009,-8.83777025867009,
29,-180.8834295180477,-130.5425183637907,-8.86476602042947,-7.517230853142249,-8.102166791395192,-8.396422625107968,-9.504855533603966,-8.707506075345151,-8.707506075345151,
30,55.91050665643673,-69.42826147562606,-8.788624438769983,-7.609499787270541,-8.391024333332584,-8.481268403527706,-9.50089823607306,-8.699527257571877,-8.699527257571877,
31,-10.685695691663026,-100.72653097034268,-8.578062433676426,-8.707706583490145,-8.75716471413514,-8.784947752166442,-9.337191084381455,-8.404374397538291,-8.404374397538291,
32,21.60881266041938,-70.64523638328647,-8.817941630267661,-8.73107622085356,-8.960254646350194,-8.945276111838872,-9.612214762395038,-8.724570210399548,-8.724570210399548,
33,7.051071914717377,-34.266579641787175,-8.759762962804235,-8.424887082351871,-8.680967975235014,-8.921607612942921,-9.505895915561513,-8.528089637788637,-8.528089637788637,
34,10.050230535984129,-31.164357534798995,-8.874875194131262,-8.486892585041623,-9.042714990869602,-8.961529953950585,-9.443871120200532,-8.550955682668366,-8.550955682668366,
35,49.56564285063137,-67.00305914067933,-8.482480148551995,-8.536418233435107,-8.6424496839182,-8.729957388119317,-9.305732906075885,-8.325614967324782,-8.325614967324782,
36,-29.09987378846536,-113.90845492300211,-8.255747688690908,-8.380470612639947,-8.49935546790332,-8.70970763990208,-9.127562259242879,-8.10425131980007,-8.10425131980007,
37,-57.24315752124464,-36.27037606865199,-8.608031975907503,-8.559490814491012,-8.61816474661795,-8.696900854050856,-9.245170139373252,-8.477624373148208,-8.477624373148208,
38,15.271881545833708,-31.03356799766167,-8.584241172376997,-8.575227917506345,-8.710720737489826,-8.77447712167158,-9.360656772962123,-8.541636471737016,-8.541636471737016,
39,50.04864759204676,28.515287872966695,-8.61832548756491,-8.715649082828211,-8.747739313594638,-9.007918923907132,-9.36093151626199,-8.482065852383018,-8.482065852383018,
40,167.40231233201308,50.340309354789625,-8.251969799919923,-8.035210464692621,-8.499525220247047,-8.523490929397214,-9.244898220386823,-8.163969881467137,-8.163969881467137,
41,-388.16395732260247,78.95711946857911,-8.229129215282818,-8.282085880939137,-8.326810373931526,-8.450299455152244,-9.095879285364363,-8.114716891457196,-8.114716891457196,
42,165.06193780314644,106.61060632718245,-8.596413166044016,-8.300986213357364,-8.5465433162233,-8.576760323419757,-9.259810801030971,-8.314120529800093,-8.314120529800093,
43,107.3027090182756,50.52192800701445,-8.476906802097659,-8.417458530456356,-8.481543779619658,-8.570680327400249,-9.126201424124751,-8.296592038687132,-8.296592038687132,
44,33.49654703143156,118.17749315188831,-8.417306568350964,-8.356094012241988,-8.351879944903208,-8.643912880205008,-9.172551749024377,-8.337887622373799,-8.337887622373799,
45,142.6855875136662,86.90247968639716,-8.20659840125694,-8.206265504264573,-8.336868276883209,-8.282609670207393,-8.96002978710461,-8.121737544827722,-8.121737544827722,
46,178.5960794585445,190.91566837540353,-8.084098758911878,-8.169207901125294,-8.273914726855278,-8.437395394662545,-8.790577856311025,-7.964274460380279,-7.964274460380279,
47,310.03907653074475,174.6819810945045,-8.450922733880986,-8.347646893938235,-8.468783662584533,-8.524475660601913,-9.092635802088758,-8.361038199301143,-8.361038199301143,
48,296.78012733932144,250.89988042670137,-8.010610857939078,-7.929846000274813,-8.051154153447436,-8.011539261543685,-8.744095215798247,-7.957120930469871,-7.957120930469871,
49,7.910028120191095,178.22012307317618,-7.8449174451716885,-7.600378658131672,-7.8707816419700904,-7.862931101283185,-8.52795727019869,-7.731129241903117,-7.731129241903117,
50,305.7991768373218,246.16490491116133,-7.870398286089164,-7.655607863745533,-7.8987543636718565,-7.89651347731666,-8.599009098794582,-7.749683852749953,-7.749683852749953,
51,288.7297079685829,328.7907113074925,-7.657925040874272,-7.172398588729635,-7.474999310512837,-7.553019404929474,-8.359010173604814,-7.527289370512004,-7.527289370512004,
52,321.976435527883,234.08357326414315,-7.6272810728952125,-7.5215824348768665,-7.64189083161789,-7.795509919256594,-8.46095724444413,-7.321266781398797,-7.321266781398797,
53,339.13892568108514,257.8094803961382,-7.5581597246800625,-7.475428486501968,-7.57164965933329,-7.727169932672024,-8.173704005502364,-7.290185358295421,-7.290185358295421,
54,394.99390592462106,269.0980578439389,-7.170743500793542,-7.129505526396971,-7.349819739328763,-7.418565860449883,-7.937828198822671,-7.0971002653839195,-7.0971002653839195,
55,355.17755275696476,328.0918085126297,-7.493183593025067,-7.406790477091727,-7.592152263451479,-7.61445012651593,-8.18799966527491,-7.230088422960331,-7.230088422960331,
56,455.9211571053664,363.07731027666534,-7.449719964654004,-7.240239428991194,-7.324679064836633,-7.443657747404001,-8.055240095481425,-7.345169718144703,-7.345169718144703,
57,443.0527087741579,251.27253662344967,-7.321695546213902,-7.324499098044021,-7.361990198229552,-7.534481476678803,-8.01766213541372,-7.185699736062332,-7.185699736062332,
58,481.47581282425847,414.19429510752565,-7.220951844209735,-7.194520622004068,-7.210132701205555,-7.412739024179892,-7.981084796101196,-7.024557603694303,-7.024557603694303,
59,-445.23807931394833,322.6440362441784,-6.930480683956742,-7.0140341732061495,-7.067113278302768,-7.122483168098234,-7.609970083926709,-6.772197572784888,-6.772197572784888,
60,594.777678589062,474.9426573868931,-7.036148187701129,-7.119272218675405,-7.195487390630515,-7.342890114189571,-7.68013111150022,-6.366723781743968,-6.366723781743968,
61,549.8880520890482,447.47193823087997,-6.871139053588628,-6.849103021702443,-6.977040303328676,-7.05320645494979,-7.761017959777256,-6.840894881626369,-6.840894881626369,
62,633.9792755560666,358.39883629373134,-6.781609976013129,-6.88052574035945,-7.023953485335588,-7.0906700046003435,-7.489105338104447,-6.692462964739148,-6.692462964739148,
63,707.5056004277363,395.55374462333515,-6.868723056332154,-6.734776606592663,-6.937085075744044,-7.066293816980481,-7.638240029239556,-6.760685399930728,-6.760685399930728,
64,354.24437018594926,423.9672521341692,-6.788890933270908,-6.807894930944681,-6.76514432578501,-6.881023996789875,-7.601778334152218,-6.647031900304931,-6.647031900304931,
65,389.0148029210882,448.98519104091156,-6.44865564712465,-6.5628141254670895,-6.532764376719029,-6.6205221779178896,-7.228153315235678,-6.364142768448299,-6.364142768448299,
66,738.2721915318077,491.31331381741893,-6.8650143665234555,-6.905885685386246,-7.001855518459515,-7.001041626853902,-7.604935850485391,-6.650764112120124,-6.650764112120124,
67,558.200257577135,521.9977622214852,-6.852380193872048,-6.884503572265707,-6.910537090680175,-7.030682603737167,-7.6025870815788075,-6.752270127645436,-6.752270127645436,
68,673.1014947010353,525.91012118784,-6.657262518534241,-6.794402684495862,-6.826689889965219,-6.959611176164644,-7.464127999487267,-6.607753044943539,-6.607753044943539,
69,575.0486739600531,614.8233709427137,-6.608686160671741,-6.650832133644947,-6.839764845012055,-6.9269873070777965,-7.449083579915254,-6.513735424553388,-6.513735424553388,
70,731.1673420644981,542.7472286579721,-6.634038339810437,-6.595625034154559,-6.7100122344859425,-6.7316808142982,-7.306666846556641,-6.538354688686056,-6.538354688686056,
71,-85.16209501640927,491.7242740396012,-6.526694796442933,-6.538493087528716,-6.678154154198808,-6.727524263469968,-7.362141150944224,-6.444428191818693,-6.444428191818693,
72,414.2163943210142,669.179037999923,-6.258807570248045,-6.289255548959352,-6.472282982008189,-6.457583682217159,-7.028745352106058,-6.198327241554821,-6.198327241554821,
73,805.3634053151792,595.2514888724281,-6.286291835986865,-6.360804305786077,-6.449524665977729,-6.598913675405647,-7.173864830270026,-6.267034739515793,-6.267034739515793,
74,791.404931139252,645.5485496270215,-6.5365694890051875,-6.514408609980381,-6.611362285426166,-6.61414074110033,-7.241787528317474,-6.539195445521801,-6.539195445521801,
75,789.0172882698658,733.5961438464155,-6.244295830816413,-6.225826947563539,-6.331755572791393,-6.501989742566553,-7.064103523533461,-6.223203392991855,-6.223203392991855,
76,730.9452062497419,664.4693822129201,-6.144265624043142,-6.293337189662162,-6.420323510599863,-6.432349049769167,-6.9595545875331934,-6.076192157800515,-6.076192157800515,
77,794.765712565919,624.2568002518678,-6.245592099544647,-6.272015490113957,-6.374485838607198,-6.599295581596433,-7.097691144116083,-6.262629308174953,-6.262629308174953,
78,817.0987466928212,751.8237492033905,-6.123414770149017,-6.270331561098374,-6.314831484525562,-6.257679187157953,-6.626686088089002,-6.071297112054873,-6.071297112054873,
79,826.3790969640278,695.4044762605834,-6.3442521612692255,-6.300298522444375,-6.472677998578703,-6.448782353243811,-7.020357321933304,-6.249964227758156,-6.249964227758156,
80,961.408345585321,655.1830302301108,-6.088421267730262,-6.218212660455819,-6.138080854160218,-6.269174114654022,-6.945651049887135,-6.020286622900007,-6.020286622900007,
81,858.5529678309672,778.398536367673,-6.096083873993454,-6.206858877944427,-6.286574764146551,-6.506191064153562,-6.990502749928927,-5.984411930961648,-5.984411930961648,
82,904.1936173870375,803.0324473335609,-6.114528619167664,-6.22146487540867,-6.207092448953384,-6.267014380440951,-6.855884522901046,-6.082262332136749,-6.082262332136749,
83,848.0778262800959,869.1331794649825,-6.07381946763797,-6.1364880748131405,-6.280572931817112,-6.334522204099383,-6.829765610755081,-6.016813139478055,-6.016813139478055,
84,762.5614930022975,720.8504436492403,-6.0318615003338385,-5.989887499456202,-6.135690606584815,-6.27841307898623,-6.811232505295205,-5.933040984002677,-5.933040984002677,
85,906.6912547122615,903.3539772703152,-6.092176237238224,-6.173371283044445,-6.319998528964359,-6.455308981833996,-6.851666498036488,-6.046764855309178,-6.046764855309178,
86,862.5914092624286,683.6961530348324,-5.979845412547176,-5.933542422086092,-6.180322880432842,-6.147017649259254,-6.810157768684993,-5.922348004821345,-5.922348004821345,
87,952.3520018149543,826.5561377196929,-5.948609558462421,-6.1338971009391905,-6.177430794808123,-6.158312088955077,-6.799791043177431,-5.905698333570853,-5.905698333570853,
88,1010.873244366446,905.0010745381747,-5.9554484395387455,-6.0351778633228985,-6.152650291882954,-6.106661267871132,-6.613962061620097,-5.930045359301025,-5.930045359301025,
89,-102.69856522971955,780.1919477163532,-6.014242722002115,-6.012825563460728,-6.101757198890732,-6.226315334868688,-6.74700626084821,-6.006603321718947,-6.006603321718947,
90,303.6698128867902,785.5786178817166,-5.75364312180537,-5.7555913162235965,-5.8730193006875195,-6.050336537340667,-6.675034585976014,-5.723258860069171,-5.723258860069171,
91,809.4923185528442,958.3629450735554,-5.704008742288433,-5.7397560073497536,-5.941920287472044,-6.064853486821558,-6.4548827438987555,-5.65089291910408,-5.65089291910408,
92,1124.2454130775677,1002.5946331929922,-5.921215646996711,-5.949506076003754,-5.952679947483776,-6.118076768228957,-6.6019793734343315,-5.863336003425774,-5.863336003425774,
93,1038.9315037543397,871.1988257374326,-5.794620295709358,-5.847733484468902,-5.857136466642024,-5.979695387097127,-6.534659060614467,-5.7261446506582026,-5.7261446506582026,
94,1071.089387040214,1095.0526209989366,-5.662156755970516,-5.7072557892986415,-5.7256359481438235,-5.917034418434008,-6.496295553485618,-5.60653153753791,-5.60653153753791,
95,1155.7763915211356,1051.067808544893,-5.618306048936514,-5.634519080388831,-5.749658137532499,-5.762606173212424,-6.43208796671915,-5.619894511391878,-5.619894511391878,
96,1103.2447777113712,839.4539462759581,-5.561421790882865,-5.677768333290094,-5.75376588468881,-5.7858532163785705,-6.131440401664461,-5.5109413707898565,-5.5109413707898565,
97,1178.1046162066243,883.6500294971653,-5.719549384348522,-5.730713249752195,-5.874181726351464,-5.859942952477633,-6.221902018905683,-5.6738031250469785,-5.6738031250469785,
98,1111.0770795240387,1018.5104967534033,-5.570235655980105,-5.620643417871214,-5.661880863191798,-5.942713787464145,-6.340104493411912,-5.509197147364829,-5.509197147364829,
99,1206.0339967458142,963.8114778575107,-5.7985108988252385,-5.883887671984796,-5.9280385645884515,-5.987895061406181,-6.443336021483858,-5.680946222674784,-5.680946222674784,
100,1102.4781666152373,971.6458550645632,-5.650886010154091,-5.631004453431074,-5.657454504915388,-5.8044422411810395,-6.364371421438198,-5.5990555379955715,-5.5990555379955715,
101,1113.4825820215701,1158.2016201434765,-5.802345789702589,-5.782434979245291,-5.826473793970563,-5.904012494669196,-6.3776181051773335,-5.7607979001163265,-5.7607979001163265,
102,1054.1996460537775,1052.4032427194882,-5.541263004887048,-5.606666184494453,-5.755280250038478,-5.7522603793679545,-6.434131133483155,-5.530780805322418,-5.530780805322418,
103,957.6810108942067,1157.5684095700487,-5.506272417850053,-5.6331866836503695,-5.730638249256092,-5.699823417455795,-6.228392371043763,-5.527162839204659,-5.527162839204659,
104,1203.7040006367013,1119.1473408514282,-5.3575909838613445,-5.331939937270711,-5.370944881626251,-5.43505454541042,-6.098342879474741,-5.359575397216346,-5.359575397216346,
105,1253.1104666098615,1185.9138234877948,-5.68973412093955,-5.65738260032036,-5.829899008626604,-5.832865907859943,-6.331640617448426,-5.628164712808942,-5.628164712808942,
106,1214.7554751548062,1133.8711699490302,-5.561529099935367,-5.5566008163212395,-5.656859793471414,-5.729153173648095,-6.250645984171717,-5.530085807799511,-5.530085807799511,
107,1175.7805529060329,1183.7041164963207,-5.454275534701592,-5.58409779014912,-5.566826093463861,-5.752446909201279,-6.158479392294495,-5.3457215592178535,-5.3457215592178535,
108,1374.4796655788516,1090.33254931606,-5.376137306602375,-5.5286039483938945,-5.624289356720939,-5.623451575561021,-6.130325361534073,-5.346137041095214,-5.346137041095214,
109,1387.3812173925628,1146.4249540853702,-5.422045773511533,-5.559361945771354,-5.6011670036079595,-5.5491556721435344,-6.163435943153871,-5.383604201847688,-5.383604201847688,
110,1378.4973137936308,1202.2334786151246,-5.444902965576402,-5.518208550679804,-5.614026156223839,-5.721303491267169,-6.143194134370385,-5.334486929865539,-5.334486929865539,
111,1405.6369363078484,1177.0599241416792,-5.325886621110137,-5.421120757805292,-5.400132364140802,-5.543113559009337,-6.00664314257034,-5.30637803294902,-5.30637803294902,
112,1181.3358305089716,1248.6698578008165,-5.414676239828318,-5.406486040443367,-5.457759617851456,-5.573239649248715,-6.04204353157977,-5.327859102009744,-5.327859102009744,
113,1266.3085456070417,1267.256484516856,-5.388397675441672,-5.413070536948432,-5.374333319479444,-5.534499436068498,-5.99027346332165,-5.355819701564716,-5.355819701564716,
114,1403.0555665597744,1302.060094389841,-5.260582800536574,-5.332518510300755,-5.43690181775562,-5.365037673786339,-6.06510949865668,-5.172219105994716,-5.172219105994716,
115,1464.8618626673137,1187.283910272306,-5.292350620532618,-5.417550331385667,-5.32947578489721,-5.467495406212007,-5.8447376999364264,-5.250643899490889,-5.250643899490889,
116,1380.4076693612958,1242.1743843042045,-5.107001126849591,-5.147181397075368,-5.287571637869182,-5.334942049009572,-6.010715668827197,-5.142534709261721,-5.142534709261721,
117,1397.1001301438766,1195.2205975644763,-5.260489403851904,-5.307796785964366,-5.353674254334432,-5.402008142612028,-5.818261472045161,-5.161149241442735,-5.161149241442735,
118,1429.2470186824607,1378.6464011291462,-5.157423640307466,-5.151324158274906,-5.2265599683777975,-5.279358865738556,-5.637043004374409,-5.097177405427875,-5.097177405427875,
119,1318.4282515483674,1329.5387070857664,-5.1078344498593955,-5.109739741527777,-5.114968249151617,-5.307571200842769,-5.890229540929423,-5.0355085791676055,-5.0355085791676055,
120,1347.3632649366702,1421.2135101760791,-4.91131182525866,-5.011628551343896,-5.115486257210051,-5.114017893052195,-5.479998559641816,-4.862921663476466,-4.862921663476466,
121,1250.7134747149425,1301.2188356612833,-5.265657842597525,-5.365987092426521,-5.313576404728817,-5.359573520745036,-5.807443417254117,-5.238096189089058,-5.238096189089058,
122,1592.295432011708,1407.2731720028523,-5.074041201275865,-5.125124967568261,-5.158458353160477,-5.222814501878519,-5.698711122225527,-5.07585742144317,-5.07585742144317,
123,1478.4042499104228,1445.5153324819378,-4.936589653153368,-4.942807232143069,-5.042249545126012,-5.108879166743453,-5.601322027351876,-4.931364881520788,-4.931364881520788,
124,1452.3040944965649,1348.4021244433454,-4.858606742365351,-4.9277434178464175,-5.017239781356716,-5.0536771681031825,-5.6764430996830315,-4.809522539418486,-4.809522539418486,
125,-352.27673033709976,1309.093526613452,-4.890270515147235,-4.852633266267027,-4.958701512965709,-5.086803355786112,-5.536014439924164,-4.784147001769631,-4.784147001769631,
126,1491.2947209527408,1374.0346578657413,-4.727202732282663,-4.859358718201677,-4.941226201013959,-4.963141340444346,-5.576572449816441,-4.704224146888927,-4.704224146888927,
127,172.85662023676798,1455.8256635752439,-4.7374868010743585,-4.768061551724528,-4.941442703114388,-4.986628975561164,-5.43250169331191,-4.672600115499447,-4.672600115499447,
128,1419.476837659013,1484.7176925517233,-4.718049205818877,-4.843225794308023,-4.866118874491893,-4.9650711236466725,-5.5347715056477,-4.697021097746688,-4.697021097746688,
129,1591.2102952634837,1487.9631325497598,-4.598041246192037,-4.733686021041115,-4.809656094900496,-4.8179699481798846,-5.495777491075471,-4.522434906800541,-4.522434906800541,
130,426.30725446310083,1435.4801397435326,-4.697851454619793,-4.675871019581181,-4.875328964131069,-4.9528045845737685,-5.421752505713769,-4.644925494210748,-4.644925494210748,
131,1594.0352629175259,1447.9196801446155,-4.583445646638249,-4.725724106565812,-4.821918967104575,-4.804347808888718,-5.319773590868494,-4.52863640451886,-4.52863640451886,
132,958.2785557302885,1450.3106228059662,-4.575040887386193,-4.701702377714773,-4.713929275180024,-4.7872578554824745,-5.24139015304147,-4.5192741528983635,-4.5192741528983635,
133,1476.9399421016985,1442.531119538777,-4.671562011310569,-4.859817216126788,-4.8069883525134705,-4.859500441213702,-5.368641565375283,-4.643209215398043,-4.643209215398043,
134,1714.3766049367207,1569.863050592459,-4.628668780598072,-4.672643195702509,-4.719463255627289,-4.765742164415513,-5.5302292078049025,-4.60884991815437,-4.60884991815437,
135,1570.5595941338033,1374.61258795626,-4.629290946996029,-4.6489499895598225,-4.845117196352593,-4.911147442101575,-5.337377836471336,-4.571346102677396,-4.571346102677396,
136,1681.818655734124,1420.893292861179,-4.532012225811134,-4.509203572320966,-4.613472121947921,-4.615143956313045,-5.1271325716666745,-4.552924365028323,-4.552924365028323,
137,1558.7912012401832,1442.715684428922,-4.56325747387013,-4.5988244236053495,-4.70542709772598,-4.771161145999555,-5.172427270515396,-4.537386711399441,-4.537386711399441,
138,1708.4294179073509,1631.274403101273,-4.46350586672552,-4.545674140710779,-4.679184984893443,-4.733675630987941,-5.149939947996775,-4.42874088488627,-4.42874088488627,
139,1555.4352655943853,1414.4385791987545,-4.680312292334992,-4.842722984964594,-4.74041807075286,-4.812689520630412,-5.344202951109358,-4.600392063151577,-4.600392063151577,
140,1761.8389972935925,1469.766350325496,-4.408404611643851,-4.5577411454009615,-4.6153067642986745,-4.646601534011263,-5.139958264487211,-4.413283297995514,-4.413283297995514,
141,1643.7101324144412,1308.5207510458479,-4.654374641279644,-4.615122898880016,-4.608933070078913,-4.74342437747307,-5.291687778459379,-4.6146083267241265,-4.6146083267241265,
142,1660.2941545308702,1651.087514441892,-4.710683132795548,-4.661267730599531,-4.722768400124906,-4.710592631264756,-5.1430834886121675,-4.6512706240215405,-4.6512706240215405,
143,1816.4582960855275,1691.037532488534,-4.560124623864974,-4.692833914144854,-4.74026423792956,-4.76383508304372,-5.189212712475836,-4.518350627160675,-4.518350627160675,
144,1699.0145569165813,1550.5257836254823,-4.353619851271188,-4.406096315519537,-4.564285772202528,-4.693674765736194,-5.128870301129305,-4.3456997968582645,-4.3456997968582645,
145,1796.5411089247204,1506.0190537964675,-4.259083816106048,-4.366651057507287,-4.477122108486009,-4.538247469978,-5.20868501391294,-4.21198954933286,-4.21198954933286,
146,1853.087248606553,1685.8143506911445,-4.52359984217221,-4.492509892607173,-4.6794116752108055,-4.714261118106432,-5.264592652813026,-4.352841470537052,-4.352841470537052,
147,1588.6376730728082,1514.7321667092604,-4.198040201535721,-4.302261668764883,-4.319829779645255,-4.413866767419995,-4.864207978393078,-4.200576826587404,-4.200576826587404,
148,1639.962501417884,1629.5569417342333,-4.442199088705355,-4.484202988865298,-4.653277333655355,-4.729032986174704,-5.052669290057089,-4.286338443163604,-4.286338443163604,
149,1709.655204473118,1727.5692740540435,-4.196127495760665,-4.20890058702943,-4.241867495073979,-4.269105195284101,-4.879841534154066,-4.20245282575334,-4.20245282575334,
150,1584.7246925283837,1654.375586875833,-4.257369323612298,-4.346354815578798,-4.456485580197669,-4.485603294953183,-4.94887781759647,-4.226675821302758,-4.226675821302758,
151,1302.8283998621598,1680.5345819663205,-4.290368993407036,-4.3495673533472825,-4.444469521094784,-4.3862197200864745,-4.911069639022105,-4.222595368806081,-4.222595368806081,
152,1923.0462610274437,1541.1916071189178,-4.210175743752801,-4.187828927125923,-4.401947563674022,-4.3671295503471494,-5.1267784602518915,-4.20809391471137,-4.20809391471137,
153,1749.6443184339898,1744.2183139422712,-4.343588636840065,-4.3439131928147745,-4.436032329511498,-4.502721353630426,-4.939084666038986,-4.297753332663315,-4.297753332663315,
154,1639.2195561854433,1653.0976199021218,-4.457876007110871,-4.590714860341243,-4.593471476127251,-4.65922221416225,-5.178752948533696,-4.4709668070250554,-4.4709668070250554,
155,1599.6809300585458,1674.9606646042976,-4.27606620618939,-4.458616031637533,-4.360158518941175,-4.512219945359967,-5.091118938358226,-4.240138222512292,-4.240138222512292,
156,1779.0593252616877,1781.6874605359114,-4.211745149905681,-4.207862542009618,-4.400377193169526,-4.389916129961129,-4.915550539146377,-4.2021027727831095,-4.2021027727831095,
157,1882.771797316273,1707.505450797645,-4.187900523368235,-4.316300983626044,-4.340656019237871,-4.476688955696399,-5.065067555386265,-4.123371612021265,-4.123371612021265,
158,1939.4537258768128,1799.0114089737806,-4.22418352098077,-4.3078991539137785,-4.3450290619098135,-4.4193504289551075,-4.9145259934641725,-4.203012919754428,-4.203012919754428,
159,1899.50342313512,1771.9537474500573,-4.055213173678217,-4.1357988481712065,-4.127304896240169,-4.22275529218845,-4.551136909050553,-3.996715186859679,-3.996715186859679,
160,1725.088264424286,1480.6528226824041,-4.343074139615997,-4.287515021820635,-4.411592747330793,-4.319627734637059,-4.848818088656389,-4.3514489577934885,-4.3514489577934885,
161,1819.0003975481168,1712.8063763130822,-4.098320120505873,-4.326131477706363,-4.269832449523716,-4.304468948911884,-4.795044137047608,-4.027022579844343,-4.027022579844343,
162,1644.7325246519015,1771.0510673562521,-4.1092251341596535,-4.216485032666618,-4.266779486004765,-4.382146077806885,-4.811937205850273,-4.108200959680029,-4.108200959680029,
163,1935.383983982141,1787.2404719859321,-4.120629833525865,-4.101769112832989,-4.116736840805346,-4.24488930518925,-4.904165851277158,-4.054663877641688,-4.054663877641688,
164,1851.3329560570805,1570.1743535131452,-4.135814419126839,-4.237260685770965,-4.348790290387532,-4.3061395948552175,-4.775514535248189,-4.093079659600644,-4.093079659600644,
165,1816.3446103101114,1610.2638251626536,-4.245204755094522,-4.2743251324364095,-4.336963563815437,-4.398471825354336,-4.866087641258838,-4.232439122648839,-4.232439122648839,
166,1728.4014559090792,1499.9639876046374,-4.012235909431093,-4.072538828770973,-4.10325773238223,-4.200808096998914,-4.750809106677958,-3.9372909551858624,-3.9372909551858624,
167,-3.927158853172505,1719.178052379991,-4.029972458832682,-3.9878987898737837,-4.171347501036201,-4.152599203705519,-4.738239882418497,-4.047318329636237,-4.047318329636237,
168,1959.982296893733,1666.0958690951782,-3.8517066777962707,-3.9345118606147125,-4.087243405257244,-4.0700651648736,-4.805584721430734,-3.8284302482014434,-3.8284302482014434,
169,1732.5391634183557,1806.6020404547032,-4.073574669008908,-4.231059353947353,-4.259976803694503,-4.3765456340192035,-4.88730969224625,-4.045492804517462,-4.045492804517462,
170,1897.7654027918074,1832.4682468150893,-3.962074740958606,-4.018663609842848,-4.1956539146497995,-4.2293875522080455,-4.871769576381087,-3.957530303560005,-3.957530303560005,
171,2052.3216345773753,1610.263408525847,-4.223572145288166,-4.191159147701862,-4.230416632962929,-4.3261251664132425,-5.005344438472898,-4.155100259303326,-4.155100259303326,
172,1786.4221724607366,1879.1291402747,-4.015119026881598,-4.166542419141878,-4.185838356226021,-4.27507143117187,-4.692803517172925,-3.972541046030221,-3.972541046030221,
173,1655.638831600269,1671.8502745458406,-4.195623911374838,-4.228631930303851,-4.226353938309215,-4.3166342755017855,-4.772150889980692,-4.175353559815094,-4.175353559815094,
174,1888.1289182857683,1848.7419728958846,-4.036831756847489,-4.096342594598975,-4.167948590725704,-4.240345621350537,-4.67376853534568,-4.056911195848217,-4.056911195848217,
175,2063.942093218611,1787.461008108019,-4.121620281956704,-4.180315448691107,-4.250840773846151,-4.364337283820301,-4.654760491153476,-4.06032951830012,-4.06032951830012,
176,1811.1170807907174,1897.5995312015982,-3.874586412078959,-3.9405223293580103,-4.041661472921419,-4.069898044620635,-4.660687548994637,-3.8944625545193543,-3.8944625545193543,
177,1928.9259024679413,1826.8049938737863,-4.156084381104581,-4.161946706170287,-4.368894075633691,-4.315423222542524,-4.746643987826645,-4.1164017400255135,-4.1164017400255135,
178,1911.5737297100216,1872.552320549741,-3.8569922649711517,-4.051036423003506,-3.9765853130334263,-4.166987036253213,-4.755324624415123,-3.8021879326038506,-3.8021879326038506,
179,1811.6875423629388,1630.8512619664498,-3.8679518995939275,-3.998809372631144,-3.891428997275922,-4.134526228186161,-4.701402453631591,-3.85728342481644,-3.85728342481644,
180,1939.2466437821265,1969.3902056977686,-3.9065129822019555,-4.013818551285171,-4.126382527782992,-4.122856036517238,-4.674767819729474,-3.8855101675867676,-3.8855101675867676,
181,1974.565252498399,1956.1875493041628,-3.7351897061704133,-3.8471431796043056,-3.889806895588125,-4.057539628679021,-4.602170310845356,-3.7590343223193745,-3.7590343223193745,
182,1986.1713290452274,1973.885776453755,-3.942180212722359,-3.9385243750682295,-3.9521158726575822,-3.9449245790461522,-4.466422006154487,-3.87304243400612,-3.87304243400612,
183,1945.3710127316708,1943.6110627536148,-3.96340987699404,-3.922091730446752,-4.031655916432285,-4.1494273957301395,-4.6177309488743425,-3.929467495278257,-3.929467495278257,
184,1896.070917622345,2022.499850000484,-3.636775210567119,-3.7797772868913477,-3.8112559308829113,-3.884561972187895,-4.493076801837675,-3.588422864222849,-3.588422864222849,
185,2080.704090772207,1990.9971139986617,-3.8781809408289454,-3.9649591320900335,-3.9708993243591495,-4.038852741473055,-4.430661491206204,-3.8374119397379114,-3.8374119397379114,
186,119.53372263620328,1738.1796372611393,-3.7644783670200073,-3.8383816137563076,-3.8988018463279452,-3.8879245231044295,-4.330877277350612,-3.735315643402107,-3.735315643402107,
187,1162.3031231091215,1908.6415622345312,-3.661534545486683,-3.81573578127237,-3.874486869340749,-4.0247362207742885,-4.607350859153342,-3.6424244137797968,-3.6424244137797968,
188,1942.8153279430974,1925.2904106009964,-3.5373832585361473,-3.5332932882607704,-3.5874943663586727,-3.668949966455961,-4.2191029493271115,-3.5053826136966553,-3.5053826136966553,
189,1939.6243343387114,1861.0809688584925,-3.4986109949115782,-3.4963444812766786,-3.660328194451693,-3.7626412080199048,-4.293696858828078,-3.464815302650898,-3.464815302650898,
190,1796.9407609565878,1788.0377926256615,-3.8359427329982965,-3.8909684011633066,-3.8943447707341803,-4.083994807405378,-4.7428776678665825,-3.782766980090806,-3.782766980090806,
191,1846.9534907522905,1997.902118788297,-3.64196946664094,-3.7842298028609465,-3.8453458866172032,-3.953089363258336,-4.503475154868989,-3.6294696694566984,-3.6294696694566984,
192,2093.1446367831263,1896.2948791995927,-3.668531243006225,-3.602660336031186,-3.780854957231552,-3.8312112113500287,-4.119385652388974,-3.6425012244750894,-3.6425012244750894,
193,2290.4498619352457,1970.770558104391,-3.637709801526714,-3.629465820473196,-3.744287600866502,-3.851630727963149,-4.391793841883355,-3.5825262503266786,-3.5825262503266786,
194,2087.1355254676814,2019.6646493803617,-3.539151978297471,-3.5831111371177093,-3.6967929396541233,-3.7855987171436496,-4.4025698151441715,-3.4834286771722,-3.4834286771722,
195,2257.4093687459567,2082.3817816922488,-3.519045897378163,-3.612716827403866,-3.671085961441018,-3.7244758210313527,-4.087287759995052,-3.496796714011015,-3.496796714011015,
196,2064.6938131055535,1848.096905882746,-3.3259436573077323,-3.3648408776188274,-3.5821830044563554,-3.5682891744821137,-4.098951663725972,-3.3119734818203383,-3.3119734818203383,
197,2020.5954939571914,1930.163052549931,-3.5395516495418815,-3.6295674480408806,-3.651674914624206,-3.721174952194877,-4.261095936966287,-3.530401626540494,-3.530401626540494,
198,1921.8171449549204,1954.0192040114805,-3.582359242137194,-3.633305642751952,-3.6985404044387744,-3.844888740575819,-4.441916815076332,-3.554368810361633,-3.554368810361633,
199,2075.539312075061,2041.0827773675078,-3.613051219461591,-3.6693063885752726,-3.7712596226959083,-3.794478347750934,-4.489888472714216,-3.6061472828432204,-3.6061472828432204,
200,2084.012565941546,2000.2703435249173,-3.5533828075977683,-3.618887751427998,-3.6810403789886474,-3.7925730902432564,-4.253752088764652,-3.51379550516824,-3.51379550516824,
201,2053.4744289891073,2145.555746227957,-3.520194556137838,-3.433310198349197,-3.6394962297072384,-3.624797415650099,-4.180671905025004,-3.4658333073237233,-3.4658333073237233,
202,2302.165546205829,2104.9475867865526,-3.338170698739928,-3.384719185252783,-3.521843886765557,-3.605019875209084,-4.179279862047773,-3.338232261600338,-3.338232261600338,
203,2062.7638524699482,2051.5815447445434,-3.7384607990927257,-3.7249993282242175,-3.8436848419713314,-3.968780327467891,-4.506078547068753,-3.7599669487879357,-3.7599669487879357,
204,2202.5677278479025,2119.8292818253212,-3.550129118946799,-3.5755661575645434,-3.6586994235759103,-3.6583364533921228,-4.21015946496571,-3.494631174321513,-3.494631174321513,
205,2087.731374028657,2115.632233189222,-3.452097126857495,-3.5279840441966033,-3.6925661442056645,-3.6526029286530397,-4.200730201838391,-3.4847213378287774,-3.4847213378287774,
206,1992.1598536154238,2085.219399810046,-3.3241986488251043,-3.4620069395040973,-3.5186137602805974,-3.5635085905315393,-4.20679007491754,-3.3402485494405347,-3.3402485494405347,
207,2258.9646900650155,2106.2576544417993,-3.650284583583537,-3.8193276198208572,-3.9322600241989374,-4.043820320782314,-4.356196123253565,-3.6587574344068945,-3.6587574344068945,
208,1953.0185390586498,2109.77567216609,-3.4966261508735372,-3.5622234551631036,-3.5891846135154313,-3.7131525669342236,-4.371260253972948,-3.499588793691399,-3.499588793691399,
209,2135.4434460657803,2081.2693284816223,-3.5175093663607795,-3.602012656623558,-3.6851571464075534,-3.814027597664795,-4.206402092751518,-3.5240403930397797,-3.5240403930397797,
210,2238.676210420967,2011.1418182000075,-3.282327044556187,-3.3703256795022356,-3.3494137465899287,-3.5108477033116006,-4.122935551550407,-3.3018758307339877,-3.3018758307339877,
211,2244.613078854231,1750.3643919920942,-3.2050634664797797,-3.4203470362593325,-3.4827196329214978,-3.4671018058259695,-3.931837007453668,-3.172982595081993,-3.172982595081993,
212,2207.266894119386,2052.1224080839156,-3.3966125991478293,-3.569071695851697,-3.5366445089739478,-3.6242045420021114,-4.100884634925307,-3.3918468356341664,-3.3918468356341664,
213,2252.6382597118736,2186.519892804658,-3.2331848017740996,-3.3757709216579164,-3.501115580794592,-3.458281205117515,-4.201752483942878,-3.225340458381782,-3.225340458381782,
214,2168.4343120126728,2160.7237285559268,-3.397762689409387,-3.3907859321820495,-3.455258789771187,-3.490201399988164,-4.188188144030866,-3.387192115653643,-3.387192115653643,
215,2062.332357047254,2119.5954054759145,-3.6895975236315315,-3.662785314890037,-3.708958257096858,-3.869806277155047,-4.204240241035407,-3.644570768139241,-3.644570768139241,
216,2073.5891861058653,2172.3710776238795,-3.33604881449974,-3.4437971553178173,-3.462650429739479,-3.5985059769663517,-4.081216721693556,-3.372844302403123,-3.372844302403123,
217,2144.698166162818,1987.664687408882,-3.318707659670061,-3.3808613236814486,-3.501047072413972,-3.5635748637628706,-4.060122053850816,-3.2995865102807085,-3.2995865102807085,
218,2222.409625678786,1976.1593768404284,-3.4002676232186526,-3.4617578476686592,-3.33725029564039,-3.5625053964738496,-4.17345138509364,-3.4118967548112376,-3.4118967548112376,
219,2118.2847017457434,2091.8377555417187,-3.369921083267793,-3.473439240684733,-3.502978052339664,-3.558675894949003,-4.0772646238206525,-3.3436044811880903,-3.3436044811880903,
220,2290.943563565563,2077.077783992244,-3.579234160884777,-3.6164368759056873,-3.6609934899668524,-3.754418901397008,-4.238093218365887,-3.493768658053755,-3.493768658053755,
221,625.9204375720375,1936.4318560872596,-3.3028328086495518,-3.2898948134187114,-3.3816775675500894,-3.418814223201811,-4.028807392229238,-3.2769679249902333,-3.2769679249902333,
222,2241.8055942596243,1980.8626161518473,-3.432932227221069,-3.516266459910677,-3.658730111851669,-3.5997997250493863,-4.002265311242911,-3.422442129988739,-3.422442129988739,
223,2358.3536978835614,2149.026468939031,-3.366627868874237,-3.4906486841690922,-3.5592697040932335,-3.5225477935717735,-4.139449118309152,-3.326724370461236,-3.326724370461236,
224,1967.2210450113378,2020.875499500644,-3.4656718322067177,-3.498191480018802,-3.5591094312630207,-3.6232469594026293,-4.106468463763363,-3.424559541732749,-3.424559541732749,
225,2187.869670180791,2116.5687190639414,-3.4998750509256196,-3.3776954224643703,-3.4774884386408518,-3.727455314010376,-4.315440850822707,-3.4848887299145836,-3.4848887299145836,
226,2097.5421416521563,2142.307058726071,-3.391041508125083,-3.517204169621411,-3.4450455306559635,-3.5875546012515165,-3.9225353513319927,-3.3605508263024153,-3.3605508263024153,
227,2309.128543901775,1910.2656977890729,-3.1720162199502147,-3.26652299828255,-3.324817577309789,-3.396829114616058,-4.107738925790584,-3.15945002183831,-3.15945002183831,
228,2039.0614236689557,2149.0048895701048,-3.3809236680113566,-3.469212543946443,-3.561048076301391,-3.680966183480908,-4.021511501273382,-3.390460778891534,-3.390460778891534,
229,2210.082692157551,2204.608038889232,-3.4044243473900813,-3.4232709249838194,-3.5047066521611194,-3.5419865203623497,-3.9379783865621794,-3.350248256681931,-3.350248256681931,
230,2236.6628530346934,2110.3112762128494,-3.052460936052089,-3.1405785857995867,-3.2708067763685755,-3.247354774952619,-3.6786890724105263,-3.0500351704233695,-3.0500351704233695,
231,2057.3845927917073,2161.305755756078,-3.2832908825566696,-3.330922581268281,-3.449221463279968,-3.525998187526798,-3.9933436487422425,-3.2696188465165448,-3.2696188465165448,
232,2092.015071330671,2124.954872948172,-3.3213569954488973,-3.3181430293085015,-3.3209694223842394,-3.364977876655917,-3.9526687108388994,-3.3279638121957977,-3.3279638121957977,
233,2218.0387593452115,2209.628120101071,-3.3092538046114908,-3.3836731431679805,-3.486117598623207,-3.593390262110424,-3.8873884284411306,-3.2752344298314973,-3.2752344298314973,
234,2231.3390121605526,2182.2788691838946,-3.167757925560637,-3.2558416546523996,-3.313102494212357,-3.2975255588798604,-3.8759008668850563,-3.1101599397988062,-3.1101599397988062,
235,2098.8659580977505,2082.852467221203,-3.4425522427655753,-3.4046090312103465,-3.5526684514744318,-3.5318819629353753,-4.07065609291296,-3.3695976917916948,-3.3695976917916948,
236,2381.8386841031997,2140.414093785354,-3.4329423805486585,-3.4799300287381048,-3.5727025839825455,-3.760199827777668,-4.191023265997466,-3.446227810835828,-3.446227810835828,
237,2175.3465666171173,2171.1912515290373,-3.010553178755505,-3.1054051939230156,-3.3125880221759165,-3.2706818580119763,-3.761868753128766,-3.0172017178363273,-3.0172017178363273,
238,2239.723609296878,2187.6653022444643,-3.372791010235253,-3.6263947061235573,-3.6411812755245054,-3.631847841474684,-4.110122334054911,-3.364455153444775,-3.364455153444775,
239,2274.891279105427,1935.586720912601,-3.3069447857587924,-3.318926305966888,-3.51122211923531,-3.515827437122502,-4.086409288702384,-3.352187760271368,-3.352187760271368,
240,2046.8962735019397,1960.640727346278,-3.2089955453926318,-3.198011299787968,-3.33037118398952,-3.4556786570788374,-3.9509490547912813,-3.17825174190326,-3.17825174190326,
241,378.0720435876332,1938.9170735741338,-3.1468735570706765,-3.257186918720139,-3.3801918941212254,-3.36500682501356,-3.9166828255235195,-3.1452372826330826,-3.1452372826330826,
242,952.5052452318316,2103.198373068502,-3.2527334168406674,-3.3534035103465736,-3.506747106643289,-3.6979726632956336,-4.089435861194408,-3.252727944966718,-3.252727944966718,
243,1664.69363347852,2108.6290107653335,-3.1841119973078342,-3.2526781058072634,-3.3620684944645105,-3.386235065265527,-4.012714815981551,-3.1901243498896052,-3.1901243498896052,
244,2185.9249764347283,2101.497994993922,-3.19198253832726,-3.3910618133583132,-3.350663370265973,-3.336046707582768,-3.992153477579016,-3.155451172428243,-3.155451172428243,
245,2104.2190426886923,2102.565966258278,-3.3499522965458137,-3.3584973444733457,-3.378141427849573,-3.486278387959867,-3.944077549116071,-3.3558982604635292,-3.3558982604635292,
246,2156.6017249715283,2221.7149565551676,-3.2435120193910536,-3.3269497964844863,-3.3497446364739494,-3.367410702486869,-3.8455398017332705,-3.202242859221047,-3.202242859221047,
247,2229.0332140510586,2165.3708430419,-3.3391846788229134,-3.4387406296386125,-3.475010858633868,-3.525413124390491,-4.12272591834853,-3.295886956549976,-3.295886956549976,
248,2071.4893123436273,2061.311361511835,-3.223498939696514,-3.251435767414139,-3.3673046531643966,-3.2980200640251858,-3.947870196000083,-3.188584667671305,-3.188584667671305,
249,2383.11381194341,2147.728252858011,-3.0890804681440582,-3.2192024285101217,-3.1911074612213977,-3.289804484482323,-4.019548421994648,-3.061622506992093,-3.061622506992093,
250,2113.2966531392076,2224.3256187253032,-3.179320522003878,-3.298153563338591,-3.4131784829661806,-3.4416587317066765,-4.166774145518533,-3.166575449055306,-3.166575449055306,
251,2136.832786151538,2130.79384212963,-3.147849624946985,-3.1880451720298706,-3.4385507433182894,-3.4799767232632086,-3.851266940048525,-3.118736589097511,-3.118736589097511,
252,2154.361396178849,2211.4748398002494,-3.353069873692111,-3.355721050435188,-3.415605539656668,-3.5392525488552615,-3.900585190402507,-3.3705875238401584,-3.3705875238401584,
253,2327.0705829862163,2188.5816465962153,-3.31205940383514,-3.4768178477296163,-3.5116925175729525,-3.504853551159743,-4.031191633195847,-3.3349900464385267,-3.3349900464385267,
254,2153.2792783350014,2268.949415303837,-3.204027465034203,-3.2131047446371683,-3.320268229576821,-3.3341022480403066,-3.755974627069409,-3.18260403313153,-3.18260403313153,
255,2036.0884172748022,2135.331740718831,-3.3079374490499878,-3.3155398177336313,-3.31684842391487,-3.4310722408614867,-3.841874359478483,-3.2980238445355985,-3.2980238445355985,
256,1566.6471642247866,2184.9210058809394,-3.301672352376417,-3.2976886697877656,-3.3155840861539074,-3.362543982766894,-3.929416525658954,-3.269223761890965,-3.269223761890965,
257,2406.80291653289,2259.8552918345586,-3.156099561001177,-3.148845126261905,-3.3560996466002395,-3.411960148523363,-3.8302125348163383,-3.134874298397715,-3.134874298397715,
258,2329.4301509509796,2229.401744195412,-3.1003526088523397,-3.164091723353635,-3.1501477400394284,-3.2279994675611525,-3.8206022685680714,-3.0449544438482947,-3.0449544438482947,
259,2278.076386619205,2107.223644205385,-3.1230908174460166,-3.1303667352896385,-3.344350777331032,-3.4890081731001703,-3.9438655560782347,-3.1207859772227238,-3.1207859772227238,
260,1982.9420985440909,2213.5194759623046,-3.1085613344443415,-3.294877464643885,-3.312841480898642,-3.38308117003002,-3.893595315697227,-3.0343471970176084,-3.0343471970176084,
261,2203.69768186187,2208.918248346856,-3.2407365124645766,-3.217437256245454,-3.3446587900469957,-3.5124863436982787,-3.8934434417957324,-3.2305822170704306,-3.2305822170704306,
262,2241.8969506399085,2198.4482379248616,-3.0649702624348087,-3.2113962328813983,-3.26779293489329,-3.262738385590904,-3.7861938900389074,-3.0532034695860992,-3.0532034695860992,
263,2429.3464591465245,2226.9665708187817,-2.835105161848622,-2.924033818310512,-3.0350420861508547,-3.233377855897558,-3.8226550432391315,-2.819531789550083,-2.819531789550083,
264,2250.167376051866,2276.062686440138,-3.1550452053046696,-3.0386689528840454,-3.0207636790960364,-3.162728134631901,-3.7152547870362493,-3.1345772357459487,-3.1345772357459487,
265,2287.5617416026553,2273.4811567478323,-3.1009380542932554,-3.0939093488632556,-3.367152267086865,-3.4706649121461046,-3.9012379070785435,-2.9984765417629533,-2.9984765417629533,
266,658.208473547541,2199.5759313312806,-3.28769728467421,-3.3975622612119336,-3.356017034825967,-3.44812231449142,-3.8996045147989915,-3.2929848759598563,-3.2929848759598563,
267,2425.2267922037654,2203.6609629598656,-3.079360929938936,-3.0380850169941693,-3.150556654891839,-3.2133624536494656,-3.7445603545678567,-3.018574998867259,-3.018574998867259,
268,2341.117089216923,2292.85532002598,-2.8882850037718537,-2.915580681437993,-3.0469729448966874,-3.0854859928049914,-3.67259491869627,-2.87803328411541,-2.87803328411541,
269,2405.5866277932446,2075.748031715477,-2.955238976666293,-2.998158945769572,-3.2076148291374955,-3.130317529319769,-3.785901671510352,-2.973191278198441,-2.973191278198441,
270,2461.0554833538054,2163.478609216372,-3.0391516268603227,-3.0942950668511116,-3.173749279594775,-3.2160389269776517,-3.7213184452136194,-3.0644354011986343,-3.0644354011986343,
271,2181.8273269491024,2157.259900144277,-2.9843323686560876,-3.0307710754848927,-3.037646102669453,-3.0826704488079573,-3.841345364806153,-2.9956966770214404,-2.9956966770214404,
272,2373.046776166067,2247.1445693679907,-3.026593658205953,-3.148207898794721,-3.223882002636361,-3.2897649981729353,-3.883586480947199,-3.0112197277563184,-3.0112197277563184,
273,2139.24746968391,2068.903348244844,-3.1056963419855266,-3.0720549758993565,-3.1811571990389242,-3.3274842373596094,-3.860498846532927,-3.106430054483437,-3.106430054483437,
274,2215.966304697791,2256.16408013005,-3.3142201945807916,-3.3426896897737115,-3.441123895165313,-3.5407028354673096,-3.8939412741973682,-3.183917856186058,-3.183917856186058,
275,2188.88307303482,2179.265544324001,-3.0096596701027054,-3.050722134716388,-3.0225982976342354,-3.128267056595313,-3.7844074066008058,-2.9882116534512444,-2.9882116534512444,
276,2308.6724338506715,2242.0136766876735,-3.046829103723595,-3.177623486574948,-3.288395252798061,-3.3264154833294537,-3.8725034536013716,-3.021377005000916,-3.021377005000916,
277,2301.5497825084108,2351.3386375759815,-2.9385849980110317,-2.919553534727775,-3.0153123221785902,-3.125982033765671,-3.5704567560240212,-2.914439104266381,-2.914439104266381,
278,2360.7804942754015,2313.8832427554094,-3.1925731221224813,-3.3527241106925256,-3.3666294101809062,-3.545019175787538,-3.9409608313459565,-3.148492710577062,-3.148492710577062,
279,2331.2977396618576,2304.285872028654,-3.0352835921925134,-3.1649028077840513,-3.108889409805331,-3.1895699487223834,-3.7292252463547233,-3.0490406540854873,-3.0490406540854873,
280,2337.2622608534703,2301.6434304461204,-3.0914325218777026,-3.1308307858802107,-3.2508384995822572,-3.287534129948061,-3.765061057115135,-3.0623491165527406,-3.0623491165527406,
281,2242.3167515886153,2285.2724021941144,-3.125608672939025,-3.311343010514733,-3.296339383868299,-3.4018623637231467,-3.7983463013818355,-3.100596576348142,-3.100596576348142,
282,2202.375661160638,2288.9751393601355,-3.0934126947079887,-3.244666577712442,-3.2547901473410454,-3.298442322061712,-3.7313586080168175,-3.0998324876192322,-3.0998324876192322,
283,2253.6741575346687,2328.605386076482,-3.035643390712631,-3.1533238697935837,-3.268874319680356,-3.3310120794103057,-3.895205573542498,-3.0632909267688238,-3.0632909267688238,
284,2408.4519038210224,2275.853859509608,-2.9776119830868355,-3.1040290904579573,-3.1411315034845653,-3.2679446743338656,-3.8702117392305406,-2.9325546405927576,-2.9325546405927576,
285,2329.7612972805987,2308.467326662526,-2.954679350310464,-3.0199743318571652,-3.1734487866087373,-3.301702724419549,-3.7642137360066132,-2.9604770891206615,-2.9604770891206615,
286,2085.6461731118384,2256.734025709315,-3.0808676690569485,-2.912077256562626,-2.904873085046546,-3.223142055852803,-3.93651318517597,-3.0756829478788212,-3.0756829478788212,
287,2058.8890158251243,2118.64004224384,-3.111447862225286,-3.0817016234932795,-3.1956675443065694,-3.2929562064934266,-3.9165399037429873,-3.116442477496515,-3.116442477496515,
288,2382.362581230819,2133.744476319229,-2.9389987996014977,-3.0274894694786396,-3.1060307492393937,-3.109574482999067,-3.747885716472183,-2.9228223594103206,-2.9228223594103206,
289,2394.4222451485703,2254.5350546295135,-3.014407800501644,-3.1101732129348845,-3.1545798197832102,-3.1736614176134514,-3.5143543190358133,-3.0245682935785565,-3.0245682935785565,
290,2101.621968030986,2317.7587523287184,-3.1447792488930273,-3.2379008452573887,-3.2393122406758255,-3.3195481804662252,-3.7958183722615395,-3.1221473386669825,-3.1221473386669825,
291,2218.4075402647954,2097.581803507819,-3.159154769816157,-3.2240975799970575,-3.2579334156828947,-3.3906281966652383,-3.7950288414053595,-3.0480957798512547,-3.0480957798512547,
292,2223.2757553560427,2290.497803094017,-3.07572195146529,-3.1168930934207126,-3.2956798351365717,-3.319756941760597,-3.900577315274734,-3.0628971528114803,-3.0628971528114803,
293,2255.6766783298285,2303.2617269801044,-3.119989865078296,-3.076253669041419,-3.248155444048947,-3.3307119415392172,-3.902395265695507,-3.031070007939268,-3.031070007939268,
294,-87.72026562248129,2132.546155556035,-2.8722462452303152,-2.9379110090777254,-3.025157747696573,-3.153838338463998,-3.749482443764547,-2.9086577218539245,-2.9086577218539245,
295,2467.685636521364,2343.418602430234,-3.0046860829250903,-3.049836115894761,-3.019300826621795,-3.2158750246525227,-3.6510918384933277,-2.91950684571647,-2.91950684571647,
296,2488.4343094797496,2142.6802519184116,-2.9508111253745155,-3.1420823372251214,-3.1459590821084795,-3.1248862758180724,-3.932376060227662,-2.9341065838538167,-2.9341065838538167,
297,2386.3838970518123,2310.621576638035,-3.05610279600041,-3.1112776397217963,-3.191588667615367,-3.270527559610638,-3.8986728851562558,-3.0301525300575927,-3.0301525300575927,
298,2295.0302391122277,2031.4462125563505,-2.915240224452263,-2.918754829660136,-3.036423391839963,-3.168338429767115,-3.539515910276731,-2.8820422562881363,-2.8820422562881363,
299,2413.4104753811393,2322.0497479451424,-2.849148697884042,-2.8675090065476128,-2.864113559145742,-3.0122972754102086,-3.507348634947017,-2.8275656550762087,-2.8275656550762087,
300,2360.176777059254,2346.7655223130314,-2.9714044079100543,-3.0671825239092203,-3.0915591686620494,-3.1549938684625296,-3.679419136899166,-2.9606377202337346,-2.9606377202337346,
301,2193.372319957611,2319.8423400240326,-3.0232646224395157,-3.081497479946379,-3.291234964282907,-3.244712288693005,-3.6234468749484816,-2.9883010769318368,-2.9883010769318368,
302,2376.2134862724215,2098.971646416792,-3.0414556196877283,-3.169272220190104,-3.1622743985082176,-3.2555423893037307,-3.6625867117995066,-3.0698433611186045,-3.0698433611186045,
303,2323.425246774045,2338.6157043222315,-2.90816904107961,-3.036278103899765,-3.0586040635789056,-3.19754518517367,-3.6782036469164483,-2.8844068889423364,-2.8844068889423364,
304,2376.7904545138563,2333.437607102925,-2.902091140489292,-3.0090155233312093,-3.0442389879575726,-3.051549865367119,-3.5989657389795546,-2.8901192510775746,-2.8901192510775746,
305,2254.8238840313484,2289.8294288974193,-2.959005549265065,-3.0130045712174716,-3.111810830100341,-3.252313357332343,-3.6851357912877627,-3.033374613181671,-3.033374613181671,
306,2222.887484055165,2322.7692873143883,-2.9852742966654042,-2.977513117232057,-3.10976756044616,-3.1090170963253474,-3.592745777736504,-3.006441996622579,-3.006441996622579,
307,2255.926041922639,2371.218528358096,-3.133719803317581,-3.1728157186664356,-3.3232663848640573,-3.3708748936694466,-3.7559531818103222,-3.078618862526868,-3.078618862526868,
308,2490.742957465355,2369.2183591002195,-2.9061227663335507,-2.564211574986957,-2.73085999467932,-2.6853522204963682,-3.688596031209318,-2.925150195771703,-2.925150195771703,
309,2323.2136194017053,2112.660412637957,-2.81994842541973,-2.5890223756943183,-2.562787357407316,-2.6541285867551716,-3.639662454766927,-2.8271147748741097,-2.8271147748741097,
310,2306.1101620501026,2261.631168780077,-2.9975273759415284,-2.37737648913225,-2.3455566216971553,-2.2373490768014985,-3.5066906499745403,-3.0096746921744417,-3.0096746921744417,
311,2188.555032944374,2266.016550102891,-3.1919556585327618,-3.2681450219777624,-3.236972738186862,-3.2828250740174916,-3.818383514246387,-3.2005999357734853,-3.2005999357734853,
312,2278.466348660484,2387.2255393469145,-2.99028801755013,-2.9892318461142824,-3.045931037990558,-3.181278183704078,-3.5342998992955796,-3.005581159213357,-3.005581159213357,
313,2414.9107472347573,2388.2777741823616,-2.8096523746527144,-2.928756181700699,-3.096904193638781,-3.169552350335604,-3.7638488080730337,-2.8375652067487662,-2.8375652067487662,
314,2490.307412269899,2233.248397525727,-2.8841852706771274,-2.878555301321999,-3.01078302907292,-3.1023378450663452,-3.588998076738029,-2.8406864015586266,-2.8406864015586266,
315,2349.7753064435956,2362.419101327385,-2.992042674488929,-2.9590543507996583,-3.0586395856398334,-3.1033322391591223,-3.737526938874702,-3.0244065128517437,-3.0244065128517437,
316,2311.0490064048713,2373.6000947272214,-2.9985117811481494,-3.0144207440097115,-3.1293451442580835,-3.184304803728585,-3.5857441878152057,-3.0077585711888655,-3.0077585711888655,
317,2399.6081303608817,2203.0162351461872,-2.7822539561774025,-2.8111235893318214,-2.8925497182070297,-2.933235795492786,-3.30198091297282,-2.753488804919909,-2.753488804919909,
318,2467.892412581075,2354.6598170513753,-2.947748127729152,-3.031790113915209,-3.102170814542387,-3.216641358072609,-3.7863216493086065,-2.9231415946093144,-2.9231415946093144,
319,2406.015008091336,2210.982366968105,-2.9860615629964116,-2.8703045690393645,-2.598151127602622,-2.8974362773310482,-3.7034860979444857,-2.9466094144111,-2.9466094144111,
320,2587.038068883552,2398.7615153652855,-2.7191517294569407,-2.7248164203280525,-2.822836017448205,-2.7759547273152614,-3.3589606233301748,-2.7572049600625173,-2.7572049600625173,
321,2404.9590916710004,2394.365636244845,-2.7341537217298875,-2.7941764604937256,-2.8855911357367683,-2.924222021761285,-3.5972509659951455,-2.7292273456484275,-2.7292273456484275,
322,2434.3671789918303,2374.109923677807,-3.010530289669232,-3.05715136928704,-3.1206836836495824,-3.368612258268294,-3.717454395217336,-2.9891717430857137,-2.9891717430857137,
323,2169.8281795556745,2394.808444930237,-2.8174838140743756,-2.815540013260982,-2.9680980347785586,-3.02267031842561,-3.5121237676269934,-2.8518723348924055,-2.8518723348924055,
324,2369.402590548041,2008.6357290031244,-2.7632327548510065,-2.743172093141917,-2.795590399889071,-2.990487828747819,-3.5850994022888183,-2.818989718281184,-2.818989718281184,
325,2335.9382674605768,2386.71256034826,-2.8779337028122427,-3.0536954522536286,-3.087327722200951,-3.1212942914717146,-3.606753510029371,-2.8596944624301943,-2.8596944624301943,
326,2254.241295084561,2398.85539261916,-2.8264425578863066,-2.886986867115696,-3.0269317603263968,-3.0430603145136157,-3.6653864698291003,-2.815052818973162,-2.815052818973162,
327,2514.2843911056334,2404.4696657904387,-2.7665751336784807,-2.7760748524238057,-2.823255423147002,-2.8570855518388174,-3.5109113134165235,-2.762814782156729,-2.762814782156729,
328,2317.28797430529,2250.1473363512596,-2.7867156244799296,-2.7811803162877746,-2.716179024497096,-2.916334160033493,-3.4565740297266885,-2.795912539484828,-2.795912539484828,
329,2431.4416796348414,2265.649625193706,-2.777074856673655,-2.9760900608215763,-3.004557862292539,-3.0387643276588983,-3.579184581894201,-2.78019146579273,-2.78019146579273,
330,2111.5441558539,2101.4496568838003,-2.6426177469531087,-2.7733837496482687,-2.896152891653125,-2.942617984197666,-3.542843844916809,-2.633690496955774,-2.633690496955774,
331,2302.7985280883713,2260.417529082185,-2.8164112508878008,-2.918502105763067,-2.985008484683219,-3.063607693714087,-3.527206791750277,-2.7991060991817376,-2.7991060991817376,
332,2375.9191157205673,2191.8473197063377,-2.8305433935289535,-2.832207682838413,-3.0191441492305695,-2.994277652171578,-3.467488397961705,-2.8704617614721415,-2.8704617614721415,
333,2515.020360190814,2365.284502926906,-2.6914115336674014,-2.6914199165779977,-2.819549803268002,-2.959801740527105,-3.413446996732285,-2.6763121486859114,-2.6763121486859114,
334,2219.5767521053886,2356.1235608389575,-2.9044044166124166,-2.918569930236021,-2.960875594192699,-3.0991576316543474,-3.497327865719673,-2.8828104476819676,-2.8828104476819676,
335,2364.3639885326656,2264.6562669367017,-2.9977653862637377,-2.966695224407641,-3.036527209234828,-3.1318272091366133,-3.553493682616072,-3.015943071210273,-3.015943071210273,
336,2171.883153504461,2398.6690411529926,-2.9460082653378117,-2.8904194573000814,-3.043941412640862,-3.193823336796709,-3.7282667107519116,-2.9889295447428537,-2.9889295447428537,
337,2224.75877584498,2223.1656554158053,-2.8961614659034858,-2.90852411681515,-2.9181111963019712,-2.949837373115308,-3.4658531389737393,-2.8430641241389014,-2.8430641241389014,
338,2447.3773867829223,2263.170552881276,-2.626882108560402,-2.772200739990107,-2.8506930921017037,-2.9866122515779763,-3.4219651453089757,-2.60264301160065,-2.60264301160065,
339,1171.0217029464727,2390.6759459326677,-2.821571285904735,-2.9030052769579595,-2.9086148570707038,-2.986060129054571,-3.401790367637022,-2.7991521442327336,-2.7991521442327336,
340,2446.7067720495284,2389.631400317322,-2.8049856706705403,-2.789126063525503,-2.9033831856059282,-2.869412220776276,-3.508176241037178,-2.7711012491301963,-2.7711012491301963,
341,2395.869618441591,2357.946449291385,-2.565764982735273,-2.7365294126619815,-2.7635007914853893,-2.8594567026646383,-3.443513025219211,-2.6044152634575726,-2.6044152634575726,
342,2362.209053546344,2420.5125078706574,-2.8126516137835633,-2.8399795589695565,-2.9888858140027152,-3.0251458101047493,-3.631828385864617,-2.8151659781915863,-2.8151659781915863,
343,2357.6898151604005,2365.791602293674,-2.7511061220979367,-2.884594729927133,-2.9618180563914436,-2.9651503370150794,-3.5873826727396656,-2.7697549581925647,-2.7697549581925647,
344,2290.9320987663873,2242.2772670515674,-2.7122765772098645,-2.8125424768926037,-2.874336245323678,-2.9733186216022784,-3.473603609572348,-2.705026301343686,-2.705026301343686,
345,2437.232728243793,2443.7327187840806,-2.747383107548053,-2.699311861591482,-2.7332167498930535,-2.8386092021066625,-3.4552246347311106,-2.7203051831254133,-2.7203051831254133,
346,2283.822985387855,2391.602671026659,-2.693512137169726,-2.7560620181924134,-2.8675328272877953,-2.9035933095954958,-3.4376542566271304,-2.687950228871055,-2.687950228871055,
347,2501.4090761068733,2443.8209923536433,-2.3497266154722722,-2.460850566313493,-2.600610479918205,-2.6591763337280776,-3.140342464628025,-2.372636624434592,-2.372636624434592,
348,2561.286829881737,2496.986527551108,-2.6160248972628115,-2.7245447922501587,-2.771976820142145,-2.804391274666473,-3.4410001004544206,-2.5615724543688696,-2.5615724543688696,
349,2502.6793848638536,2308.740095717747,-2.816285467034629,-2.937906731589922,-3.084174836869082,-3.232931599414867,-3.50884676603798,-2.8539132814466552,-2.8539132814466552,
350,2286.8209769367663,2259.031657052297,-2.5855397635968607,-2.5774537851208734,-2.7725913448915973,-2.9263503342771213,-3.165936513730632,-2.6252483881943185,-2.6252483881943185,
351,2428.7125943753626,2360.432846151431,-2.6052206644662785,-2.7220329844267988,-2.828739043442144,-2.8256985889068265,-3.555843170421599,-2.62409107031888,-2.62409107031888,
352,2413.2503904598875,2386.292748326045,-2.7551559778092405,-2.793955673809629,-2.97489177212378,-2.9696397024080428,-3.709347923968433,-2.814618464378554,-2.814618464378554,
353,2509.718956141613,2464.0539451156383,-2.3960602566472704,-2.488638025777595,-2.5288647378125293,-2.5556316973668722,-3.1044092945619153,-2.4364294215913653,-2.4364294215913653,
354,2349.9247282011947,2234.193864792384,-2.797514811420885,-2.8214766803471782,-2.8783484569464473,-2.8915665495880933,-3.374352573088596,-2.825323148203693,-2.825323148203693,
355,2650.2910910454802,2467.9813289811264,-2.7365096365022463,-2.7947863267495507,-2.8701880532810766,-2.9611238041109726,-3.465667213200946,-2.7307524876835068,-2.7307524876835068,
356,2388.675238940518,2315.666870969057,-2.585933346194919,-2.767020915253221,-2.831351225668906,-2.840902997542804,-3.214831086748477,-2.582829783420344,-2.582829783420344,
357,2445.5544622160232,2441.351758833891,-2.4530880236487036,-2.6353192491246253,-2.5722481991475,-2.7237082045237617,-3.1982090731940547,-2.5311540438947904,-2.5311540438947904,
358,2571.471832051657,2448.6673419973413,-2.8492699756429944,-2.756608206703014,-2.8879365633085743,-2.9360816019405633,-3.4365389924205187,-2.820944086636838,-2.820944086636838,
359,2407.61707605814,2433.2016569148473,-2.5955642982546734,-2.6762359092826937,-2.8025474195243314,-2.922036886066266,-3.458897632464709,-2.617545996662419,-2.617545996662419,
360,2400.964483833395,2225.3821974448892,-2.638705448441347,-2.694794112416763,-2.690530927383075,-2.736760169085916,-3.3278976736508676,-2.6473551798300643,-2.6473551798300643,
361,2374.8172564224365,2478.2953088370064,-2.741391652449494,-2.8225876296446,-2.968268613016813,-2.918340404339569,-3.5197253303758225,-2.7280380189444773,-2.7280380189444773,
362,2453.9693420414415,2461.6206876334227,-2.6537624548722,-2.7794506601849447,-2.828652463889789,-2.975670219962058,-3.4279405668391614,-2.6863497293293275,-2.6863497293293275,
363,2475.7056839000516,2480.6177868669515,-2.508100607670606,-2.597481669114329,-2.750210912486226,-2.7623542952215923,-3.3182217153162616,-2.5105596086665307,-2.5105596086665307,
364,2493.3387510829693,2459.7640602196875,-2.733887592772931,-2.80517705427653,-2.8221970395298506,-2.770482124923453,-3.4505162985054745,-2.6943466672262972,-2.6943466672262972,
365,2505.402348134264,2472.5481145943195,-2.705369374810193,-2.781944436604773,-2.9042096035847886,-2.9929767033254686,-3.521837290383446,-2.6611378319193006,-2.6611378319193006,
366,2611.550966787942,2394.935215187626,-2.6418095943892443,-2.6544516011089416,-2.7706653467301083,-2.9273743353900272,-3.4347291203996417,-2.627444107623314,-2.627444107623314,
367,2633.0745553912516,2543.1319111520475,-2.7148854221854934,-2.781366440219138,-2.8070196546181725,-2.8447285049645,-3.297870466549747,-2.7007137370223395,-2.7007137370223395,
368,2326.805812919427,2510.40618349157,-2.652775921624955,-2.8103267847369904,-2.8630626339674508,-2.8861897793730185,-3.3363787228801485,-2.6120737160350838,-2.6120737160350838,
369,2492.785781370088,2366.7118027910665,-2.65661671932486,-2.7889772490182194,-2.877278456209935,-2.9592151342046114,-3.4536132285842958,-2.605905614215713,-2.605905614215713,
370,2438.1564825306955,2460.7522710860944,-2.829874064533561,-2.8080074739306498,-2.9421623143185465,-3.000575376520555,-3.3881909291183976,-2.8330271071427764,-2.8330271071427764,
371,2449.1884066577804,2438.0491203952342,-2.7760467784341527,-2.8883733710966832,-3.0206209799168353,-3.11159560460188,-3.3965817040009196,-2.7459335504528384,-2.7459335504528384,
372,2551.936010484011,2515.136472939051,-2.626859779782556,-2.7950278647384095,-2.783740310036657,-2.8976855942916435,-3.324033188955998,-2.6331049917176865,-2.6331049917176865,
373,2447.3816556975557,2469.5892614982126,-2.431864583409713,-2.4531198362225584,-2.5091754209770945,-2.5289173468871033,-3.0904539099664308,-2.4528625687523573,-2.4528625687523573,
374,2510.3457671883557,2456.6205794971015,-2.7871264590931966,-2.897248938453698,-2.954298602096826,-3.031651443675434,-3.5976533445523926,-2.7490710616133986,-2.7490710616133986,
375,2296.191137556169,2432.783138816665,-2.5704877782929074,-2.5483237240784145,-2.6388328210884486,-2.776347328403479,-3.396457101750822,-2.601232664325369,-2.601232664325369,
376,2458.604303043673,2497.685737231719,-2.5974972663046865,-2.7013641347645265,-2.7282958882956625,-2.835851498878969,-3.4274534637939214,-2.5668569574164724,-2.5668569574164724,
377,2463.912729729531,2475.747840039413,-2.7107145953259533,-2.7711084201349854,-2.8792893816321605,-2.941264559604338,-3.4336147865388984,-2.748148867046777,-2.748148867046777,
378,2369.1066405445144,2545.966337717755,-2.5137796269147916,-2.6061205676683024,-2.7085571894194818,-2.8022680834998583,-3.0520667344767767,-2.5156711377473795,-2.5156711377473795,
379,2538.908631550322,2516.5182441782167,-2.6732402668132926,-2.638879444577339,-2.6987098902261892,-2.8091917250405705,-3.2660588463604663,-2.670597466663031,-2.670597466663031,
380,2504.8848146824876,2314.0698353457096,-2.698887102463836,-2.6672833548873567,-2.7749407110803466,-2.8958718409959463,-3.2272641925805226,-2.670631595442263,-2.670631595442263,
381,2381.2410134893785,2473.820975203162,-2.397513986002196,-2.5106041999750657,-2.60216033531307,-2.794955412448886,-3.185317640261603,-2.406744394860104,-2.406744394860104,
382,2511.4119208009365,2472.331928643197,-2.3980635126593612,-2.5318280214002615,-2.519365574663621,-2.630252215174824,-3.1840617987394553,-2.4178506077372184,-2.4178506077372184,
383,2599.5783602944457,2280.4629033992856,-2.3693327037179057,-2.5179547730203073,-2.5498174157755957,-2.7682048880066725,-3.1387342797458833,-2.375681031702285,-2.375681031702285,
384,2318.3845487452413,2485.5290663074725,-2.4895982071019866,-2.5736618473511146,-2.671153693002254,-2.802537012626994,-3.19041082046079,-2.475652977601813,-2.475652977601813,
385,2420.754730253975,2383.377635658199,-2.6330607935354693,-2.680325274235754,-2.803250724390868,-2.886095533455981,-3.3501282858880423,-2.610570568212589,-2.610570568212589,
386,2477.496107364406,2494.311386884921,-2.5614672154695586,-2.56379228086101,-2.6638775040219747,-2.7129976423177555,-3.0953283748242897,-2.491045208825277,-2.491045208825277,
387,2526.3669400246895,2488.8334811563464,-2.518190740644493,-2.645638493559837,-2.7431279220802685,-2.7621529964976888,-3.1958723985453092,-2.522890081833859,-2.522890081833859,
388,2539.2560791383803,2486.8629809172103,-2.521129252578141,-2.6331264872247093,-2.630319761411329,-2.775017291795424,-3.2480043667503136,-2.557783615668018,-2.557783615668018,
389,2520.895093288156,2409.4845971752607,-2.5352271639202657,-2.6495104172067703,-2.7416740943696416,-2.7952077543574303,-3.393507877277836,-2.5039938678400993,-2.5039938678400993,
390,2510.6182768302892,2501.323516654246,-2.3302552225262327,-2.38764959812786,-2.517282007034381,-2.6345807684804554,-3.052923342999522,-2.3383369318676284,-2.3383369318676284,
391,2372.80025528656,2490.8124261863236,-2.7068002137310616,-2.8467342108015297,-2.9003219509056763,-2.9494561638855537,-3.0927108730617694,-2.693986318077455,-2.693986318077455,
392,2415.5148190751092,2504.0566854583185,-2.5522533264296414,-2.6007655257597984,-2.6982672683344346,-2.6743456147993863,-3.1149475658281984,-2.5891316457616345,-2.5891316457616345,
393,2612.935540289227,2503.891803357944,-2.465438757916442,-2.616795532677256,-2.7474873410371288,-2.8285598358075186,-3.1000411593221093,-2.4764227647432486,-2.4764227647432486,
394,2680.436524177072,2393.927653668729,-2.3993486313670367,-2.4902504054012224,-2.564939435775809,-2.597886789141481,-3.070592025828335,-2.3808603832353916,-2.3808603832353916,
395,2483.6291548169565,2468.7276270780276,-2.544867069165286,-2.573225306488471,-2.703944988449323,-2.836577913634961,-3.2717539197923937,-2.5197797688443595,-2.5197797688443595,
396,2667.094013449124,2551.2736163927575,-2.405272781114373,-2.4944667162002894,-2.5073881097824287,-2.5930356612555263,-3.093303596249798,-2.3947465237496335,-2.3947465237496335,
397,2328.0419889714294,2510.9358629419935,-2.4005866742425863,-2.5413366838179043,-2.5998356206656354,-2.7204096258451425,-3.1631890406305,-2.371587724359009,-2.371587724359009,
398,2525.6709323292007,2421.940818759173,-2.4101093458271152,-2.482298045910892,-2.4762518862781056,-2.630035101978229,-3.1623572966556854,-2.405819106629985,-2.405819106629985,
399,2603.599154125974,2396.3850634728783,-2.3151948723357343,-2.4518311395114107,-2.4891428513224403,-2.602709918827608,-3.1514201273060882,-2.3431928628867738,-2.3431928628867738,
400,2612.795792504774,2522.4010305341963,-2.611004204144076,-2.5768243755143003,-2.6851722506767763,-2.7781184702356407,-3.315782920618029,-2.6669139835440907,-2.6669139835440907,
401,2398.1610468840504,2531.5021117466385,-2.462959844042815,-2.5770992077266417,-2.616733690172174,-2.789347175933262,-3.1483302426467574,-2.431859907232204,-2.431859907232204,
402,2575.544911670639,2543.027817777663,-2.612824303220801,-2.5490818362654317,-2.6259136179970364,-2.672001462816924,-3.2889290790927164,-2.6389398606187915,-2.6389398606187915,
403,2396.7412940593977,2457.5489211789886,-2.2771262030171724,-2.292015049299809,-2.2950625546509316,-2.4322478797493656,-2.9568713335337753,-2.258658194853514,-2.258658194853514,
404,2610.8781212179088,2496.512884188992,-2.488629904499277,-2.494098915665829,-2.57791976130662,-2.707057826459262,-3.215038365171784,-2.4710501263978455,-2.4710501263978455,
405,2558.8210900664885,2386.217692187456,-2.5904572558028423,-2.6752893443477426,-2.7752223156593745,-2.8379051106551767,-3.35801073872414,-2.6229365774364304,-2.6229365774364304,
406,2647.492632427234,2402.1647566702777,-2.4452433278780994,-2.4183272236912066,-2.508949484041829,-2.530453671085707,-3.1112396144972063,-2.4546275655583685,-2.4546275655583685,
407,2668.274732893023,2588.859583679959,-2.1582919288199816,-2.3486709307015974,-2.4120289189659205,-2.5149087591909254,-3.113324560929162,-2.150073421636774,-2.150073421636774,
408,311.9289295912581,2330.1661054348237,-2.3327540846073487,-2.4397798869497667,-2.6214687590834744,-2.6131291171717974,-3.0694538867202548,-2.299727779143341,-2.299727779143341,
409,2520.2391404140785,2388.676623538278,-2.4347804812696827,-2.494610684638021,-2.5386935819626446,-2.6493189665541474,-3.1804793348258618,-2.4689950521106905,-2.4689950521106905,
410,2648.6696618764768,2582.384578970575,-2.386737628324568,-2.4834180634459413,-2.4480421176319065,-2.6043559386744053,-3.108262031753225,-2.3431058241033758,-2.3431058241033758,
411,2586.2904257420632,2552.904473419617,-2.358380816330236,-2.4368433536825087,-2.5141505560298296,-2.5679299135800764,-3.148325228155594,-2.4042887823958736,-2.4042887823958736,
412,2628.9356816956642,2590.5415760492942,-2.598456267892056,-2.60270084722068,-2.6960087455821755,-2.749690517949164,-3.246163404555317,-2.608854227229426,-2.608854227229426,
413,2436.2275011989227,2456.3429198490835,-2.3794741213400883,-2.3569758145819377,-2.5269451987733884,-2.6786603746627002,-2.9732036683657848,-2.3868698853862207,-2.3868698853862207,
414,2606.417070745709,2548.14557672402,-2.4807988285791294,-2.6409801844199805,-2.6323287377382787,-2.697642650516696,-2.942621316631275,-2.444173030697357,-2.444173030697357,
415,2657.4972048490654,2607.5885532495836,-2.400855664569397,-2.478227004597916,-2.4128709991416275,-2.4678747055337054,-3.205842860652179,-2.3928092991834853,-2.3928092991834853,
416,2545.978521176707,2589.5978154721483,-2.1548463486093516,-2.087392188834763,-2.219521265895378,-2.2928493089561046,-2.734412748529606,-2.171026760862228,-2.171026760862228,
417,2648.8264233823543,2559.4643421757733,-2.346601745728906,-2.3790632890652597,-2.5609563240709425,-2.6195126749328344,-3.3284309298421824,-2.3611264657555733,-2.3611264657555733,
418,2523.048131568605,2571.3911312369823,-2.326701740215312,-2.366704837882838,-2.3679458338113983,-2.4820148593859503,-2.9795346233990045,-2.3260727451973766,-2.3260727451973766,
419,2454.439356289037,2543.216406696292,-2.2148588794672532,-2.4187926022941286,-2.4622497066936435,-2.5865365537356797,-2.9862883897429895,-2.202701446783545,-2.202701446783545,
420,2778.194472910641,2579.165606412165,-2.305587459851768,-2.471067355146928,-2.5904137021257836,-2.6296746247593927,-3.120823742266437,-2.3225267696229452,-2.3225267696229452,
421,2549.0063959851936,2434.333184170031,-2.3917268156689646,-2.3768597582046382,-2.424223003829316,-2.500772942770554,-3.071033069999184,-2.442118124124762,-2.442118124124762,
422,2498.1106369804124,2561.7691430273335,-2.2164975030822456,-2.3283987626635354,-2.358275006001533,-2.414213261194816,-2.924861446569859,-2.240041322335793,-2.240041322335793,
423,2670.493396911393,2597.5121441871456,-2.378448148829264,-2.4451451040189753,-2.5461719459614196,-2.5667511861014023,-3.0218243520336254,-2.3669754988248335,-2.3669754988248335,
424,2629.013678098096,2610.392173788069,-2.3486111180532006,-2.40793086568941,-2.360041631410569,-2.5224670504804396,-2.938033376011818,-2.3754695962725205,-2.3754695962725205,
425,2563.9743702186165,2571.8438835130146,-2.174615161433999,-2.1071307381895297,-2.1195344115593993,-2.21792397476755,-2.9858117814172465,-2.1866342441492956,-2.1866342441492956,
426,2493.35530933431,2574.1255988496605,-2.264394030466502,-2.3312047302329093,-2.402894508596952,-2.3639322744808613,-2.9178837239649935,-2.2946850061388013,-2.2946850061388013,
427,2647.4765148602687,2607.7826078022226,-2.1728653559946354,-2.1474234920040125,-2.3339977119870814,-2.361083058811479,-3.0057713471067795,-2.189709917128041,-2.189709917128041,
428,2670.085302023113,2448.5489974818993,-2.19266511777528,-2.3898981988465695,-2.4491186054448537,-2.6505315800071476,-2.94880886859581,-2.2145546184610683,-2.2145546184610683,
429,2562.5408817678895,2576.896911773619,-2.355204931680003,-2.5521239598930507,-2.643541398226445,-2.630113134762761,-3.113610330280428,-2.407349451431664,-2.407349451431664,
430,2555.1775731573957,2629.4825597733075,-2.4280329317194917,-2.386321421544547,-2.4610691678873815,-2.4968786070066766,-3.046417854823957,-2.405965503568358,-2.405965503568358,
431,2587.441039264882,2592.4968760782676,-2.3873398258443146,-2.357595812029758,-2.4717226691378595,-2.553772306089124,-3.07752683544778,-2.36271200416436,-2.36271200416436,
432,2650.105998129101,2631.409923575408,-2.281790253145952,-2.4718991646802846,-2.534373827107951,-2.681709016927045,-3.044012199609729,-2.3025996189777485,-2.3025996189777485,
433,2466.708599310413,2599.2369894790595,-2.2890254945300397,-2.2764627848124994,-2.331884398439812,-2.496964131029352,-3.2053590227734605,-2.2265481680714734,-2.2265481680714734,
434,2612.4064906439717,2567.950282478256,-2.2099152930443458,-2.2727302175483577,-2.329637250133354,-2.303848728656812,-2.8483931910851785,-2.251813671060808,-2.251813671060808,
435,2550.08167346446,2632.4707580871063,-2.2300055917232915,-2.320331691190577,-2.419023942191604,-2.4147157254458462,-2.964881641223512,-2.2366314898653923,-2.2366314898653923,
436,2611.185572944657,2489.889399777283,-2.463899006442217,-2.561865128335068,-2.605606423775706,-2.6178232380788717,-2.9363858087627444,-2.4298738900691195,-2.4298738900691195,
437,2631.388388060903,2493.070434150919,-2.2037076083084335,-2.3585506954249658,-2.4864655151515342,-2.5265060270489217,-2.976509331211432,-2.194242999769229,-2.194242999769229,
438,2566.02729698266,2575.2865404211925,-2.0990338383273794,-2.268416994317073,-2.2724595762850845,-2.400083323812259,-2.887037123617764,-2.108469352654267,-2.108469352654267,
439,2643.440995333387,2645.6150012107782,-2.3216959334281024,-2.394617913965097,-2.467676748767603,-2.539938756511211,-2.9377750788722072,-2.365588565092529,-2.365588565092529,
440,2499.093573194095,2598.658753098596,-2.2586729030068224,-2.1473831797461096,-2.368358067371256,-2.528522349428326,-2.9776760395282156,-2.2640433718201636,-2.2640433718201636,
441,2604.914475775075,2620.8971214112407,-2.1816643613062716,-2.4185578288068217,-2.427908456397836,-2.4603382733985417,-2.966793599095713,-2.2372733031906185,-2.2372733031906185,
442,2470.997277546683,2636.698982801672,-2.1830645940161313,-2.2852690625311247,-2.3169603225754662,-2.356894865249757,-2.918429894516598,-2.1682109513779473,-2.1682109513779473,
443,2503.1903963967848,2633.679141573903,-2.159598621260718,-2.1909317021604315,-2.306563307254382,-2.433612426941354,-2.9393949535813375,-2.178925484684889,-2.178925484684889,
444,2539.205685684151,2665.855978284213,-2.1072837648383547,-2.1126440192725733,-2.232116650332006,-2.266428625461115,-2.732264591327877,-2.100539558768755,-2.100539558768755,
445,2645.6726961371382,2665.1082608886136,-2.315021667061966,-2.376724066491735,-2.5273895188840765,-2.5732778666077043,-2.981212507545762,-2.3022025554369625,-2.3022025554369625,
446,2673.444719216054,2534.168817080679,-1.798678991543497,-1.9835211060202644,-2.1206710175016656,-2.0663709297049833,-2.835221470108466,-1.7930618988712852,-1.7930618988712852,
447,2509.5257362889984,2631.190353254184,-2.1733847892395866,-2.453629696093624,-2.429479732027478,-2.4950019169547,-2.780600723527138,-2.1867524485679626,-2.1867524485679626,
448,2565.76336001227,2633.289657154467,-1.939138942060385,-2.0591577819062024,-2.0564132523695933,-2.246161359709025,-2.813396441784549,-1.9394892577199283,-1.9394892577199283,
449,2601.855917951691,2647.0724129127293,-2.3538665322481287,-2.390092640326846,-2.404252973742162,-2.5123501436036415,-3.0474739788506855,-2.360261371676905,-2.360261371676905,
450,2590.0711491966567,2635.897901337039,-2.2997428262401516,-2.2061987027753522,-2.368049723913795,-2.3776653777363257,-2.7348135384147727,-2.2970352662173106,-2.2970352662173106,
451,2527.706229573761,2613.62687870784,-2.1511256826417435,-2.2888828408861372,-2.3237276047681172,-2.3592333810434063,-2.9240009598228895,-2.1646897076548806,-2.1646897076548806,
452,2588.973373027989,2638.1891855723316,-2.3018534408424665,-2.3996670799105337,-2.442203930933042,-2.4832460073758074,-3.0635525417638174,-2.3258368685402533,-2.3258368685402533,
453,2688.940934434946,2649.1256377558875,-1.8396928661569016,-1.9394774911966035,-1.9674810599129318,-2.122359651080601,-2.733926517330511,-1.8234849477380877,-1.8234849477380877,
454,2460.2079288103405,2616.709165555596,-2.0130204936853096,-2.074803446949961,-2.268706279948306,-2.333827460617106,-2.9150991871525402,-2.0462802368557975,-2.0462802368557975,
455,2641.4298581260623,2612.0393837026563,-1.9734250783180156,-1.979202633114736,-2.0741778171087115,-2.1682804764608226,-2.8129581371331622,-1.8958779708489053,-1.8958779708489053,
456,2718.393507235128,2579.358690427134,-2.27253729326657,-2.3292395649475925,-2.2806697263558102,-2.342933698958079,-2.940434161965396,-2.295895641747145,-2.295895641747145,
457,2617.715401547945,2482.8615696558973,-2.1187990449437426,-2.2734737544404178,-2.217784810661266,-2.338009711717757,-2.8856994727797995,-2.0887301628893873,-2.0887301628893873,
458,2696.4835415017646,2676.1337429426076,-2.3357117667231835,-2.4059050644968973,-2.407069763244905,-2.522092527713223,-3.133368961546839,-2.287217466456341,-2.287217466456341,
459,2708.1561129117817,2679.3198614454973,-2.0180098799365465,-2.126971387428696,-2.2283479230346974,-2.2394176425653862,-2.86535817408077,-2.0456777762383287,-2.0456777762383287,
460,2521.008439402698,2644.3528743769753,-2.2598025634650725,-2.171181845513329,-2.319482167954734,-2.48003710239241,-3.084790188542458,-2.2215604612607915,-2.2215604612607915,
461,2823.72962975878,2540.9916574025933,-2.2465382563396594,-2.236114809050019,-2.2987890768328847,-2.3398566799927063,-2.9785685532346933,-2.2767263881289654,-2.2767263881289654,
462,2822.6774124000826,2678.4000092412434,-2.1041665843785693,-2.2553389072062617,-2.3878037001283423,-2.414302910590186,-2.861361450066672,-2.114205283515586,-2.114205283515586,
463,2747.0011965961417,2676.5541499214337,-2.2599584048128296,-2.3210156028903532,-2.3676113970254105,-2.5313145356175046,-2.9203554000689613,-2.2678159963505715,-2.2678159963505715,
464,2680.6540440225444,2681.9016495607825,-2.170042492366814,-2.1672172357112425,-2.340875890296091,-2.2985569248813356,-2.788000470447545,-2.199927376050574,-2.199927376050574,
465,2737.205520499172,2662.6114409070897,-2.3275472400650536,-2.3146698517062183,-2.424832387257266,-2.5095512961495237,-3.113435192849509,-2.3337892557739006,-2.3337892557739006,
466,2730.7794372987632,2700.9556618032675,-2.0705848333757095,-2.255569606560945,-2.3591714844039644,-2.347764934322888,-2.7982232784334693,-2.041082541646288,-2.041082541646288,
467,2664.4722629492376,2636.036140186188,-2.30375413358027,-2.389554259156254,-2.402094605157379,-2.5227430933591344,-2.899749648812739,-2.2582801946837874,-2.2582801946837874,
468,2695.9889235368164,2652.0584455283165,-2.1366739183792713,-2.1608367046896704,-2.344682398984357,-2.423903725153754,-3.0847326574119704,-2.135709439256067,-2.135709439256067,
469,2603.5161168524237,2675.585858864507,-2.0538160493823248,-2.2510969779500924,-2.2469813230988485,-2.3507115151926135,-2.8102847808047913,-2.0424412764539452,-2.0424412764539452,
470,2688.0065759523836,2642.214084845812,-2.225916091814666,-2.2917937163387987,-2.288914495121875,-2.286058003474832,-2.818098241215107,-2.2532771432467045,-2.2532771432467045,
471,2494.4508659951307,2681.525784914911,-2.177178360621686,-2.1656054208199405,-2.1795689806891345,-2.243907944355643,-2.7174352739226,-2.1936982089289847,-2.1936982089289847,
472,2821.0820511235393,2705.604073331997,-2.188269187453267,-2.176580304847928,-2.333763282687968,-2.3546580243623354,-2.749130416144877,-2.174618858694011,-2.174618858694011,
473,2649.441223691615,2709.644565603087,-1.9906752841182132,-2.0271541528721735,-2.0857311952301085,-2.1802070967378073,-2.8693742931222075,-2.033380010053415,-2.033380010053415,
474,2563.8128830625187,2672.928124208871,-2.2141469161831813,-2.3106928887136826,-2.4958601131562346,-2.525056042958866,-3.097266879296754,-2.2378740824078105,-2.2378740824078105,
475,2607.5897027119486,2618.4732546835644,-2.169667561707447,-2.1717468492813663,-2.2178740013999003,-2.476420074374031,-2.799437789051794,-2.1196506206064107,-2.1196506206064107,
476,2605.3741372725726,2562.9425146802528,-2.2212336242827986,-2.3266732062717503,-2.355456132193043,-2.3586950010295187,-2.7982050399400205,-2.202241954763693,-2.202241954763693,
477,2657.8625471129953,2701.9563009021085,-2.0449807455370834,-2.1313348717829164,-2.2156491029989445,-2.3508064083194027,-2.857556478427891,-2.0155181008351595,-2.0155181008351595,
478,2639.857683146102,2553.4632833619357,-2.27086582423563,-2.2997358623195323,-2.454975483516876,-2.5879353509898517,-3.00258016628202,-2.311171692814517,-2.311171692814517,
479,2777.3289665148072,2655.2750528057472,-1.918073965488476,-2.0472134372856443,-2.1607165098196854,-2.1698859258380097,-2.6616264351725865,-1.8880213318210795,-1.8880213318210795,
480,2700.9104241077557,2656.8945461679036,-2.139709656794821,-2.2768946213009364,-2.268707532455666,-2.4134383048433548,-2.7967046382071676,-2.1056413876804787,-2.1056413876804787,
481,2575.9360353769735,2682.667701694722,-2.0829985119854366,-2.1726948584497503,-2.292819745842113,-2.458083235747014,-2.979964977296697,-2.0801681202302076,-2.0801681202302076,
482,2595.1440702744335,2645.9783784288456,-2.1203736475275297,-2.1620862405059573,-2.2832557680108776,-2.2890057285479113,-2.7505143244743078,-2.1326705622685354,-2.1326705622685354,
483,2569.336284086403,2562.3870974537576,-2.0439774502156567,-2.2641073217045755,-2.18858959828123,-2.256904674608543,-2.812948900520487,-2.034126217365842,-2.034126217365842,
484,2430.8043391598335,2597.953449703251,-2.1632397498131355,-2.1465058361820106,-2.226369059199808,-2.288566026929151,-2.766759886474642,-2.1018467254118214,-2.1018467254118214,
485,2691.2020620943445,2639.8797421594304,-2.113175828061993,-2.2602527817091964,-2.267711728326042,-2.397656192925015,-3.0078983686802823,-2.0894658735243055,-2.0894658735243055,
486,1961.8569284512766,2579.4024558004867,-2.1860324009488474,-2.2205980332625264,-2.3330033173239912,-2.2943014428278543,-2.8609874444294836,-2.154860070614068,-2.154860070614068,
487,2672.4082918026234,2606.774580585986,-2.362815484341825,-2.392691101079301,-2.49680128651272,-2.510719700724282,-2.8811130378848184,-2.375251472160194,-2.375251472160194,
488,2569.4529094724935,2622.6543062924507,-2.1391105984595864,-2.3142975463045787,-2.2946106514068,-2.3482162311564245,-2.883917796050553,-2.1615420496139603,-2.1615420496139603,
489,2483.4893084924374,2604.233285098385,-2.226721097267012,-2.2328340006289085,-2.3003545423700564,-2.4114731321227567,-2.9449616889962886,-2.205696148499865,-2.205696148499865,
490,2666.6052617094456,2676.5389475172256,-2.0594997067535474,-2.1006455408109157,-2.1040799992251245,-2.2179313970474683,-2.8220016177310807,-2.0849035352802248,-2.0849035352802248,
491,2706.9248326241045,2645.645759684786,-1.9559378858869354,-1.9596660430768116,-2.0998395954535085,-2.2076216220047384,-2.7716959902853238,-1.9602092428309887,-1.9602092428309887,
492,2679.6837134467924,2619.1898892564104,-1.893407881542475,-2.0075624259902454,-2.168368851119907,-2.1481938182506393,-2.5940043065700746,-1.927118757044098,-1.927118757044098,
493,2501.363618421836,2627.6244777538845,-2.207002799140053,-2.350382808484404,-2.3866932987222507,-2.477353710757108,-2.879215137080091,-2.2304869378392733,-2.2304869378392733,
494,2598.947876017191,2616.076400143821,-2.226097758970228,-2.2591608892090886,-2.3124443935203685,-2.3948383695704436,-2.964175124129087,-2.2827755884262624,-2.2827755884262624,
495,2813.201778066107,2619.199751171046,-2.299179205063259,-2.370224173080181,-2.424824837382556,-2.355140627904602,-2.8986369297024646,-2.2608182766394442,-2.2608182766394442,
496,2603.8215418583627,2671.5273589823905,-2.0035638208728175,-2.1604710259237736,-2.2974548598197573,-2.3428670518224095,-2.799809662753383,-1.9080430162935544,-1.9080430162935544,
497,2675.521303943141,2681.5796092069077,-2.1877408918098875,-2.284511784074559,-2.337385632797139,-2.389169510562213,-2.8907088102337934,-2.1384163096073165,-2.1384163096073165,
498,2633.648658952618,2495.751576020657,-2.144322756581749,-2.227168483618714,-2.2936466869920573,-2.2866062902122866,-2.864635077259228,-2.1675086023478665,-2.1675086023478665,
499,2709.1610578463115,2637.849607437074,-2.0846081183533576,-2.1225018580364168,-2.2764362541545755,-2.354273713646071,-2.8961519319649547,-2.05579619659584,-2.05579619659584,
500,2650.4649197540725,2671.0929467362844,-2.031666891023381,-2.118978157533332,-2.1143627057420624,-2.226478555771062,-2.708670537975182,-2.0356297263073015,-2.0356297263073015,
501,2639.7228629826714,2670.9420706196943,-1.9054784322377067,-1.937851564230637,-2.081900247134681,-2.051789348496537,-2.720148219298661,-1.9405505380692087,-1.9405505380692087,
502,2642.1514757132823,2673.804361828131,-2.1538054926874146,-2.0966379459075632,-2.14021964571228,-2.311833268535363,-2.740790617095039,-2.131788787047596,-2.131788787047596,
503,2761.552865358175,2660.2490553672624,-2.045028518230581,-2.1156314239963887,-2.2515544253800406,-2.3704989664915246,-2.775510787329497,-2.016511088571689,-2.016511088571689,
504,2668.232745991931,2471.713882943152,-2.078437688993586,-2.2167895592492637,-2.290016105776126,-2.3865720912626536,-2.826674986213005,-2.0951438909128015,-2.0951438909128015,
505,2709.9662224433064,2649.7061085653677,-2.1694312060918213,-2.2193438558787926,-2.2856952560392463,-2.32248778348234,-2.912268312217254,-2.1810704963016674,-2.1810704963016674,
506,2755.5740064432734,2649.03807805693,-2.2139005253192194,-2.2569980919291446,-2.339374645688421,-2.3576520920397703,-2.8736962469336875,-2.1835151886426805,-2.1835151886426805,
507,2637.653200887536,2621.7671518066504,-2.2841392021188085,-2.4271446505834673,-2.532568524740135,-2.568723398434811,-2.9001763785810524,-2.24134051545688,-2.24134051545688,
508,2696.1463777198487,2491.035909552674,-2.052938196902114,-2.175386710736518,-2.2887446769560276,-2.411894265623759,-2.976888058274759,-2.078235683969779,-2.078235683969779,
509,2644.2579781920085,2611.9847074189115,-2.110670299269421,-2.213264893303355,-2.295516454771053,-2.320029645648056,-2.9134031905062674,-2.1399346897652505,-2.1399346897652505,
510,2447.6289164047994,2635.3518961285204,-1.9167129160687943,-2.043335442614427,-2.1839174501174052,-2.269545641182833,-2.8602628701957706,-1.979698543775344,-1.979698543775344,
511,2391.26325657838,2672.8322958434255,-2.0884880355494633,-2.0034441382065036,-2.0985030292524343,-2.264055894066625,-2.7896756514008265,-2.075594339045079,-2.075594339045079,
512,2349.426676005733,2626.1376942372376,-2.279385846321058,-2.3116220837945898,-2.400866345371891,-2.467483388958513,-3.032269005210925,-2.2971456179477805,-2.2971456179477805,
513,2452.5404399952054,2563.7007085109863,-2.0591149904822057,-2.1185398297967444,-2.2198428087318285,-2.334797606598027,-2.796996066112038,-2.0692395207096173,-2.0692395207096173,
514,2548.537234981727,2634.4455369847383,-2.1905951650789732,-2.1977157652646233,-2.3612784036692074,-2.359323187774879,-2.628671061184175,-2.269791723698855,-2.269791723698855,
515,2596.270858581415,2636.295737668369,-1.9355350701441114,-2.0616629911915796,-2.1188251971213354,-2.2425212741799547,-2.8425997140811767,-1.9746384824698227,-1.9746384824698227,
516,2724.295502649051,2531.9851781333323,-1.9808641573472927,-1.8150549902167767,-1.9978124229728973,-2.05201894061104,-2.7679256480231693,-2.0023552153575266,-2.0023552153575266,
517,2556.973651486813,2668.2083141551125,-2.1160075396217763,-2.2516320392082267,-2.2171251765806077,-2.4583278087867715,-2.9435419492932082,-2.1514149517555037,-2.1514149517555037,
518,2712.1588271309206,2699.880023089478,-2.1151016515442214,-2.189652347103068,-2.1398787804097568,-2.2962927374489235,-2.7353472164926615,-2.126690943702785,-2.126690943702785,
519,2798.889510729849,2623.632588071214,-1.7094964826186367,-1.8800396512411521,-1.83071194519994,-1.9838657455635287,-2.615644554392145,-1.7014424437811102,-1.7014424437811102,
520,2667.9409070808674,2692.2093443080284,-2.1846372279187487,-2.1818285903948698,-2.2732464335652844,-2.2826584660732427,-2.8071075566908785,-2.160528713075957,-2.160528713075957,
521,2717.8748078818317,2620.022443432068,-2.098385727715633,-2.147686902147775,-2.17010315499275,-2.2058975482623193,-2.94447950612429,-2.1602824221490033,-2.1602824221490033,
522,1718.4659657146767,2596.0307459138867,-1.8119880383202809,-1.9034112527188842,-1.9445561690662403,-2.0818433376144503,-2.61449014451571,-1.8069796307056691,-1.8069796307056691,
523,2684.801838389418,2584.0769582613425,-2.175372880418008,-1.7120648977832431,-2.2881184020890903,-2.2361307034799554,-2.9615178369267308,-2.1693777303949724,-2.1693777303949724,
524,2554.0525374621193,2509.8269513443142,-2.1480766911843525,-2.1801500021857247,-2.1207330219782032,-2.253616634064708,-2.760221463703805,-2.1571951962748512,-2.1571951962748512,
525,2704.0294769576462,2649.050808714728,-2.050849856528112,-2.1344696242036694,-2.2127537597902576,-2.2268669935853245,-2.961495288519489,-2.0460809355339373,-2.0460809355339373,
526,2602.7097650470596,2612.2327202408055,-2.100845794076395,-2.2997315615144,-2.2887264802382243,-2.483167212388593,-2.8950336606836844,-2.05162360463353,-2.05162360463353,
527,2664.8366886658137,2558.045056142633,-2.2946185456922477,-2.3695663602839194,-2.478950213008882,-2.61150942120945,-3.0048058457237894,-2.2743737751760658,-2.2743737751760658,
528,2730.206264194275,2650.443813978524,-2.236298017104751,-2.3048536819885315,-2.2908935593537527,-2.3869693987773886,-2.8782290349123523,-2.254621423025564,-2.254621423025564,
529,2532.6470552538067,2603.3454179876844,-2.302568545625042,-2.3611362114374366,-2.419203227579625,-2.5578630377326257,-2.908166503885319,-2.3001846292970973,-2.3001846292970973,
530,2481.3186887021907,2640.3575045947705,-2.3188957892072017,-2.335953830902639,-2.4232111626699595,-2.585494264480033,-3.0804226520869165,-2.305820926578875,-2.305820926578875,
531,2713.826134191336,2615.3709497992745,-2.117506024772511,-2.1066915632216374,-2.2539980376150264,-2.290501261091165,-2.9087174117908794,-2.1005190913113876,-2.1005190913113876,
532,2634.3915933960466,2599.0757416665406,-2.009699738048795,-2.0712708426019266,-2.11173596287197,-2.223859923953589,-2.7645886281784837,-2.0418560422593823,-2.0418560422593823,
533,2457.3039660314357,2608.3549389303366,-2.2608024895092553,-2.2009543834335794,-2.3270495135597997,-2.358409822323904,-2.873062468531818,-2.2562089742306703,-2.2562089742306703,
534,2702.056645965823,2622.436302977128,-1.9231139686302525,-2.0591318807108836,-2.0991362843220176,-2.2281944792659605,-2.8153669587053822,-1.9778939176608086,-1.9778939176608086,
535,2573.2491293025464,2625.816479213788,-2.2864987913384986,-2.257384825649878,-2.337248180708205,-2.279702081909055,-3.003730593297996,-2.2843158680161704,-2.2843158680161704,
536,2567.122881984356,2604.686571820982,-2.090224769461557,-2.046125571571637,-2.096717741891128,-2.1935477726643615,-2.7295337420273458,-2.059619075180689,-2.059619075180689,
537,2586.890607284786,2603.0478689886822,-2.122114991754785,-2.1413863022106705,-2.1889388489340345,-2.254242173957541,-2.8020226708799068,-2.15803121320848,-2.15803121320848,
538,2511.6084653716025,2620.96392619292,-2.031089177940625,-2.009504654306593,-2.154883821465657,-2.1417491171433833,-2.774651634542831,-2.051932703737646,-2.051932703737646,
539,2646.907933912842,2585.2879878813787,